[{"model": "main.author", "pk": 1, "fields": {"name": "Jane Doe"}}, {"model": "main.author", "pk": 2, "fields": {"name": "Inés Asís"}}, {"model": "main.author", "pk": 3, "fields": {"name": "Lara Della Cecca"}}, {"model": "main.author", "pk": 4, "fields": {"name": "Gómez, P"}}, {"model": "main.author", "pk": 5, "fields": {"name": "Cruells, L, Peralta, M, Falivene Fernández M. L"}}, {"model": "main.author", "pk": 6, "fields": {"name": "Claudia Natenzon"}}, {"model": "main.author", "pk": 7, "fields": {"name": "Carmelo Polino"}}, {"model": "main.author", "pk": 8, "fields": {"name": "Falivene Fernández, M. L."}}, {"model": "main.author", "pk": 9, "fields": {"name": "Cundari, A."}}, {"model": "main.author", "pk": 10, "fields": {"name": "Calvet, M.A."}}, {"model": "main.author", "pk": 11, "fields": {"name": "Vázquez, M."}}, {"model": "main.author", "pk": 12, "fields": {"name": "Cruells, L."}}, {"model": "main.author", "pk": 13, "fields": {"name": "Falivene, Fernández, M. L"}}, {"model": "main.author", "pk": 14, "fields": {"name": "Cundari, A"}}, {"model": "main.author", "pk": 15, "fields": {"name": "Busconi, A"}}, {"model": "main.author", "pk": 16, "fields": {"name": "Daniela García"}}, {"model": "main.author", "pk": 17, "fields": {"name": "Adriana Menegaz"}}, {"model": "main.author", "pk": 18, "fields": {"name": "María Leticia Cruells"}}, {"model": "main.author", "pk": 19, "fields": {"name": "María del Valle Peralta"}}, {"model": "main.author", "pk": 20, "fields": {"name": "Gabinete Nacional de Cambio Climático"}}, {"model": "main.author", "pk": 22, "fields": {"name": "Antonela Busconi"}}, {"model": "main.author", "pk": 23, "fields": {"name": "Fabiana Menna"}}, {"model": "main.author", "pk": 24, "fields": {"name": "María Luz Falivene"}}, {"model": "main.author", "pk": 25, "fields": {"name": "Nuria Zanzottera"}}, {"model": "main.author", "pk": 26, "fields": {"name": "Magalí Turkenich"}}, {"model": "main.author", "pk": 27, "fields": {"name": "Laura Jazmín Schencman"}}, {"model": "main.author", "pk": 28, "fields": {"name": "Mariano Gonzalez King"}}, {"model": "main.author", "pk": 29, "fields": {"name": "Agustina Bendersky"}}, {"model": "main.author", "pk": 30, "fields": {"name": "María Luz"}}, {"model": "main.author", "pk": 31, "fields": {"name": "Falivene Fernández"}}, {"model": "main.author", "pk": 32, "fields": {"name": "Nuria Zanzzottera"}}, {"model": "main.author", "pk": 33, "fields": {"name": "Ministerio de Ambiente y Desarrollo Sostenible"}}, {"model": "main.author", "pk": 34, "fields": {"name": "Florencia Trentini"}}, {"model": "main.book", "pk": 200, "fields": {"year": 2023, "category": "Adaptación", "date": "2025-02-10T03:02:09.932Z", "url": "https://ciam.ambiente.gob.ar/images/uploaded/recursos/377/Establecimientos%20de%20atenci%C3%B3n%20de%20la%20salud%20y%20adaptaci%C3%B3n%20al%20cambio%20clim%C3%A1tico.pdf", "image": "", "comunidad": false, "capacitaciones": false, "ciudadania": false, "authors": [2]}}, {"model": "main.book", "pk": 201, "fields": {"year": 2023, "category": "Adaptación", "date": "2025-02-10T03:02:09.982Z", "url": "https://ciam.ambiente.gob.ar/images/uploaded/recursos/379/Vectores%20y%20cambio%20clim%C3%A1tico.pdf", "image": "", "comunidad": false, "capacitaciones": true, "ciudadania": false, "authors": [3]}}, {"model": "main.book", "pk": 202, "fields": {"year": 2023, "category": "Adaptación", "date": "2025-02-10T03:02:10.013Z", "url": "https://ciam.ambiente.gob.ar/images/uploaded/recursos/398/Movilidad%20Humana%20y%20Cambio%20Clim%C3%A1tico.pdf", "image": "", "comunidad": false, "capacitaciones": false, "ciudadania": false, "authors": [4, 5]}}, {"model": "main.book", "pk": 203, "fields": {"year": 2022, "category": "Adaptación", "date": "2025-02-10T03:02:10.051Z", "url": "https://ciam.ambiente.gob.ar/images/uploaded/recursos/418/Actualizaci%C3%B3n%20de%20%C3%ADndices%20de%20vulnerabilidad%20social%20frente%20a%20desastres.%20Avance%202022..pdf", "image": "", "comunidad": false, "capacitaciones": false, "ciudadania": false, "authors": [6]}}, {"model": "main.book", "pk": 204, "fields": {"year": 2022, "category": "Adaptación", "date": "2025-02-10T03:02:10.082Z", "url": "https://ciam.ambiente.gob.ar/images/uploaded/recursos/399/La%20percepci%C3%B3n%20de%20la%20Sociedad%20Argentina%20sobre%20el%20cambio%20clim%C3%A1tico%20-%202022.pdf", "image": "", "comunidad": false, "capacitaciones": false, "ciudadania": true, "authors": [7]}}, {"model": "main.book", "pk": 205, "fields": {"year": 2023, "category": "Adaptación", "date": "2025-02-10T03:02:10.112Z", "url": "https://ciam.ambiente.gob.ar/images/uploaded/recursos/570/La%20percepci%C3%B3n%20de%20la%20sociedad%20argentina%20sobre%20cambio%20clim%C3%A1tico%202023.pdf", "image": "", "comunidad": false, "capacitaciones": false, "ciudadania": true, "authors": [7]}}, {"model": "main.book", "pk": 206, "fields": {"year": 2021, "category": "Adaptación", "date": "2025-02-10T03:02:10.143Z", "url": "https://ciam.ambiente.gob.ar/images/uploaded/recursos/401/Lineamientos%20para%20la%20elaboraci%C3%B2n%20de%20planes%20de%20respuesta%20al%20cambio%20clim%C3%A1tico.pdf", "image": "", "comunidad": false, "capacitaciones": false, "ciudadania": false, "authors": [8, 9, 10, 11]}}, {"model": "main.book", "pk": 207, "fields": {"year": 2021, "category": "Adaptación", "date": "2025-02-10T03:02:10.197Z", "url": "https://ciam.ambiente.gob.ar/images/uploaded/recursos/403/Lineamientos%20para%20la%20transversalizaci%C3%B3n%20de%20la%20adaptaci%C3%B3n%20basada%20en%20ecosistemas%20en%20los%20planes%20de%20respuesta.pdf", "image": "", "comunidad": false, "capacitaciones": false, "ciudadania": false, "authors": [10, 11]}}, {"model": "main.book", "pk": 208, "fields": {"year": 2021, "category": "Adaptación", "date": "2025-02-10T03:02:10.236Z", "url": "https://ciam.ambiente.gob.ar/images/uploaded/recursos/400/Lineamientos%20para%20incorporar%20el%20enfoque%20de%20Adaptaci%C3%B3n%20basada%20en%20Comunidades%20en%20Planes%20de%20Respuesta%20al%20Cambio%20Clim%C3%A1tico.pdf", "image": "", "comunidad": false, "capacitaciones": false, "ciudadania": false, "authors": [12, 13, 14, 15]}}, {"model": "main.book", "pk": 209, "fields": {"year": 2023, "category": "Adaptación", "date": "2025-02-10T03:02:10.288Z", "url": "https://ciam.ambiente.gob.ar/images/uploaded/recursos/405/Cambio%20clim%C3%A1tico%20desde%20la%20visi%C3%B3n%20de%20los%20Pueblos%20Ind%C3%ADgenas.pdf", "image": "", "comunidad": true, "capacitaciones": false, "ciudadania": false, "authors": [16, 17, 18, 19]}}, {"model": "main.book", "pk": 210, "fields": {"year": 2023, "category": "Adaptación", "date": "2025-02-10T03:02:10.340Z", "url": "https://ciam.ambiente.gob.ar/images/uploaded/recursos/409/El%20acceso%20al%20conocimiento%20para%20ejercer%20el%20derecho%20a%20participar%20y%20decidir.pdf", "image": "", "comunidad": true, "capacitaciones": false, "ciudadania": false, "authors": [16, 17, 18, 19]}}, {"model": "main.book", "pk": 211, "fields": {"year": 2023, "category": "Adaptación", "date": "2025-02-10T03:02:10.394Z", "url": "https://ciam.ambiente.gob.ar/images/uploaded/recursos/411/Instrumentos%20que%20garantizan%20la%20participaci%C3%B3n%20de%20los%20Pueblos%20Ind%C3%ADgenas%20.pdf", "image": "", "comunidad": true, "capacitaciones": false, "ciudadania": false, "authors": [16, 17, 18, 19]}}, {"model": "main.book", "pk": 212, "fields": {"year": 2022, "category": "Adaptación, Mitigación, Pérdidas y daños", "date": "2025-02-10T03:02:10.448Z", "url": "https://ciam.ambiente.gob.ar/images/uploaded/recursos/382/2022%20Informe%20Anual%20de%20Gesti%C3%B3n%20del%20GNCC.pdf", "image": "", "comunidad": false, "capacitaciones": false, "ciudadania": false, "authors": [20]}}, {"model": "main.book", "pk": 213, "fields": {"year": 2023, "category": "Adaptación, Mitigación, Pérdidas y daños", "date": "2025-02-10T03:02:10.477Z", "url": "https://ciam.ambiente.gob.ar/images/uploaded/recursos/385/2023%20Informe%20Anual%20de%20Gesti%C3%B3n%20GNCC.docx.pdf", "image": "", "comunidad": false, "capacitaciones": false, "ciudadania": false, "authors": [20]}}, {"model": "main.book", "pk": 214, "fields": {"year": 2021, "category": "Adaptación, Mitigación, Pérdidas y daños", "date": "2025-02-10T03:02:10.528Z", "url": "https://ciam.ambiente.gob.ar/images/uploaded/recursos/386/Informe%20Anual%20GNCC%202021.pdf", "image": "", "comunidad": false, "capacitaciones": false, "ciudadania": false, "authors": [20]}}, {"model": "main.book", "pk": 215, "fields": {"year": 2020, "category": "Adaptación, Mitigación, Pérdidas y daños", "date": "2025-02-10T03:02:10.561Z", "url": "https://ciam.ambiente.gob.ar/images/uploaded/recursos/387/Informe%20Anual%20GNCC%202020.pdf", "image": "", "comunidad": false, "capacitaciones": false, "ciudadania": false, "authors": [20]}}, {"model": "main.book", "pk": 216, "fields": {"year": 2019, "category": "Adaptación, Mitigación, Pérdidas y daños", "date": "2025-02-10T03:02:10.589Z", "url": "https://ciam.ambiente.gob.ar/images/uploaded/recursos/388/informe_de_actividades_2016-_2019_.pdf", "image": "", "comunidad": false, "capacitaciones": false, "ciudadania": false, "authors": [20]}}, {"model": "main.book", "pk": 217, "fields": {"year": 2018, "category": "Adaptación, Mitigación, Pérdidas y daños", "date": "2025-02-10T03:02:10.619Z", "url": "https://ciam.ambiente.gob.ar/images/uploaded/recursos/389/2018%20Informe%20de%20Actividades%20GNCC.pdf", "image": "", "comunidad": false, "capacitaciones": false, "ciudadania": false, "authors": [20]}}, {"model": "main.book", "pk": 218, "fields": {"year": 2017, "category": "Adaptación, Mitigación, Pérdidas y daños", "date": "2025-02-10T03:02:10.650Z", "url": "https://ciam.ambiente.gob.ar/images/uploaded/recursos/390/2017%20Informe%20de%20Actividades%20GNCC.pdf", "image": "", "comunidad": false, "capacitaciones": false, "ciudadania": false, "authors": [20]}}, {"model": "main.book", "pk": 219, "fields": {"year": 2022, "category": "Adaptación, Mitigación, Pérdidas y daños", "date": "2025-02-10T03:02:10.679Z", "url": "https://ciam.ambiente.gob.ar/images/uploaded/recursos/392/2022%20Informe%20Anual%20CAE.pdf", "image": "", "comunidad": false, "capacitaciones": false, "ciudadania": false, "authors": [20]}}, {"model": "main.book", "pk": 220, "fields": {"year": 2023, "category": "Adaptación, Mitigación, Pérdidas y daños", "date": "2025-02-10T03:02:10.709Z", "url": "https://ciam.ambiente.gob.ar/images/uploaded/recursos/393/2023%20Informe%20Anual%20CAE.pdf", "image": "", "comunidad": false, "capacitaciones": false, "ciudadania": false, "authors": [20]}}, {"model": "main.book", "pk": 221, "fields": {"year": 2023, "category": "Adaptación, Mitigación, Pérdidas y daños", "date": "2025-02-10T03:02:10.740Z", "url": "https://ciam.ambiente.gob.ar/images/uploaded/recursos/420/Estrategia%20Nacional%20de%20G%C3%A9neros,%20Diversidad%20y%20Cambio%20Clim%C3%A1tico.pdf", "image": "", "comunidad": false, "capacitaciones": false, "ciudadania": true, "authors": [19, 22, 30, 31, 34]}}, {"model": "main.book", "pk": 222, "fields": {"year": 2023, "category": "Adaptación, Mitigación, Pérdidas y daños", "date": "2025-02-10T03:02:10.801Z", "url": "https://ciam.ambiente.gob.ar/images/uploaded/recursos/421/la%20adaptacion%20al%20cambio%20climatico%20desde%20una%20perspectiva%20de%20genero%20y%20diversidad.pdf", "image": "", "comunidad": false, "capacitaciones": false, "ciudadania": true, "authors": [19, 22, 23, 24, 25, 26, 27, 28]}}, {"model": "main.book", "pk": 223, "fields": {"year": 2023, "category": "Adaptación, Mitigación, Pérdidas y daños", "date": "2025-02-10T03:02:10.886Z", "url": "https://ciam.ambiente.gob.ar/images/uploaded/recursos/423/La%20perspectiva%20de%20g%C3%ABnero%20y%20diversidad%20en%20la%20pol%C3%ACtica%20clim%C3%A1tica%20argentina.%20Sector%20Agro%20y%20Bosques..pdf", "image": "", "comunidad": false, "capacitaciones": false, "ciudadania": true, "authors": [19, 22, 23, 29, 30, 31, 32]}}, {"model": "main.book", "pk": 224, "fields": {"year": 2023, "category": "Adaptación, Mitigación, Pérdidas y daños", "date": "2025-02-10T03:02:10.960Z", "url": "https://ciam.ambiente.gob.ar/images/uploaded/recursos/462/Infografia%20Agro%20y%20bosques.pdf", "image": "", "comunidad": false, "capacitaciones": false, "ciudadania": true, "authors": [19, 22, 23, 29, 30, 31, 32]}}, {"model": "main.book", "pk": 225, "fields": {"year": 2023, "category": "Adaptación, Mitigación, Pérdidas y daños", "date": "2025-02-10T03:02:11.034Z", "url": "https://ciam.ambiente.gob.ar/images/uploaded/recursos/428/La%20perspectiva%20de%20g%C3%ABnero%20y%20diversidad%20en%20la%20pol%C3%ACtica%20clim%C3%A1tica%20argentina.%20Sector%20Energ%C3%ADa..pdf", "image": "", "comunidad": false, "capacitaciones": false, "ciudadania": true, "authors": [19, 22, 23, 29, 30, 31, 32]}}, {"model": "main.book", "pk": 226, "fields": {"year": 2023, "category": "Adaptación, Mitigación, Pérdidas y daños", "date": "2025-02-10T03:02:11.120Z", "url": "https://ciam.ambiente.gob.ar/images/uploaded/recursos/463/Infografia%20Energia.pdf", "image": "", "comunidad": false, "capacitaciones": false, "ciudadania": true, "authors": [19, 22, 23, 29, 30, 31, 32]}}, {"model": "main.book", "pk": 227, "fields": {"year": 2023, "category": "Adaptación, Mitigación, Pérdidas y daños", "date": "2025-02-10T03:02:11.204Z", "url": "https://ciam.ambiente.gob.ar/images/uploaded/recursos/430/La%20perspectiva%20de%20g%C3%ABnero%20y%20diversidad%20en%20la%20pol%C3%ACtica%20clim%C3%A1tica%20argentina.%20Sector%20Industria..pdf", "image": "", "comunidad": false, "capacitaciones": false, "ciudadania": true, "authors": [19, 22, 23, 29, 30, 31, 32]}}, {"model": "main.book", "pk": 228, "fields": {"year": 2023, "category": "Adaptación, Mitigación, Pérdidas y daños", "date": "2025-02-10T03:02:11.292Z", "url": "https://ciam.ambiente.gob.ar/images/uploaded/recursos/464/Infografia%20Industria%20y%20g%C3%A9nero.pdf", "image": "", "comunidad": false, "capacitaciones": false, "ciudadania": true, "authors": [19, 22, 23, 29, 30, 31, 32]}}, {"model": "main.book", "pk": 229, "fields": {"year": 2023, "category": "Adaptación, Mitigación, Pérdidas y daños", "date": "2025-02-10T03:02:11.376Z", "url": "https://ciam.ambiente.gob.ar/images/uploaded/recursos/431/La%20perspectiva%20de%20g%C3%ABnero%20y%20diversidad%20en%20la%20pol%C3%ACtica%20clim%C3%A1tica%20argentina.%20Sector%20Salud..pdf", "image": "", "comunidad": false, "capacitaciones": false, "ciudadania": true, "authors": [19, 22, 23, 29, 30, 31, 32]}}, {"model": "main.book", "pk": 230, "fields": {"year": 2023, "category": "Adaptación, Mitigación, Pérdidas y daños", "date": "2025-02-10T03:02:11.460Z", "url": "https://ciam.ambiente.gob.ar/images/uploaded/recursos/466/Infografia%20Salud.pdf", "image": "", "comunidad": false, "capacitaciones": false, "ciudadania": true, "authors": [19, 22, 23, 29, 30, 31, 32]}}, {"model": "main.book", "pk": 231, "fields": {"year": 2023, "category": "Adaptación, Mitigación, Pérdidas y daños", "date": "2025-02-10T03:02:11.548Z", "url": "https://ciam.ambiente.gob.ar/images/uploaded/recursos/432/La%20perspectiva%20de%20g%C3%ABnero%20y%20diversidad%20en%20la%20pol%C3%ACtica%20clim%C3%A1tica%20argentina.%20Sector%20Transporte..pdf", "image": "", "comunidad": false, "capacitaciones": false, "ciudadania": true, "authors": [19, 22, 23, 29, 30, 31, 32]}}, {"model": "main.book", "pk": 232, "fields": {"year": 2023, "category": "Adaptación, Mitigación, Pérdidas y daños", "date": "2025-02-10T03:02:11.636Z", "url": "https://ciam.ambiente.gob.ar/images/uploaded/recursos/469/Infografia%20Transporte.pdf", "image": "", "comunidad": false, "capacitaciones": false, "ciudadania": true, "authors": [19, 22, 23, 29, 30, 31, 32]}}, {"model": "main.book", "pk": 233, "fields": {"year": 2023, "category": "Adaptación, Mitigación, Pérdidas y daños", "date": "2025-02-10T03:02:11.729Z", "url": "https://ciam.ambiente.gob.ar/images/uploaded/recursos/429/manual_genero_sector_turismo.pdf", "image": "", "comunidad": false, "capacitaciones": false, "ciudadania": true, "authors": [19, 22, 23, 29, 30, 31, 32]}}, {"model": "main.book", "pk": 234, "fields": {"year": 2023, "category": "Adaptación, Mitigación, Pérdidas y daños", "date": "2025-02-10T03:02:11.836Z", "url": "https://ciam.ambiente.gob.ar/images/uploaded/recursos/471/Infografia%20Turismo.pdf", "image": "", "comunidad": false, "capacitaciones": false, "ciudadania": true, "authors": [19, 22, 23, 29, 30, 31, 32]}}, {"model": "main.book", "pk": 235, "fields": {"year": 2022, "category": "Adaptación", "date": "2025-02-10T03:02:11.932Z", "url": "https://ciam.ambiente.gob.ar/images/uploaded/recursos/417/Metodolog%C3%ADa%20para%20el%20desarrollo%20de%20procesos%20participativos%20con%20Pueblos%20Ind%C3%ADgenas.pdf", "image": "", "comunidad": false, "capacitaciones": false, "ciudadania": true, "authors": []}}, {"model": "main.book", "pk": 236, "fields": {"year": 2022, "category": "Adaptación", "date": "2025-02-10T03:02:11.958Z", "url": "https://ciam.ambiente.gob.ar/images/uploaded/recursos/408/Informe%20final%20Dialogos%20Interculturales%202022.pdf", "image": "", "comunidad": false, "capacitaciones": false, "ciudadania": true, "authors": []}}, {"model": "main.book", "pk": 237, "fields": {"year": 2022, "category": "Adaptación", "date": "2025-02-10T03:02:11.981Z", "url": "https://ciam.ambiente.gob.ar/images/uploaded/recursos/410/_Informe%20de%20resultados%20de%20Di%C3%A1logo%20Intercultural%20-%20Regi%C3%B3n%20NOA%20(Julio%202022).pdf", "image": "", "comunidad": false, "capacitaciones": false, "ciudadania": true, "authors": []}}, {"model": "main.book", "pk": 238, "fields": {"year": 2022, "category": "Adaptación", "date": "2025-02-10T03:02:12.004Z", "url": "https://ciam.ambiente.gob.ar/images/uploaded/recursos/412/_Informe%20de%20resultados%20de%20Di%C3%A1logo%20Intercultural%20-%20Regi%C3%B3n%20NEA%20(Noviembre%202022)%20.pdf", "image": "", "comunidad": false, "capacitaciones": false, "ciudadania": true, "authors": []}}, {"model": "main.book", "pk": 239, "fields": {"year": 2022, "category": "Adaptación", "date": "2025-02-10T03:02:12.027Z", "url": "https://ciam.ambiente.gob.ar/images/uploaded/recursos/414/_Informe%20de%20resultados%20de%20Di%C3%A1logo%20Intercultural%20-%20Regi%C3%B3n%20Centro%20(Septiembre%202022).pdf", "image": "", "comunidad": false, "capacitaciones": false, "ciudadania": true, "authors": []}}, {"model": "main.book", "pk": 240, "fields": {"year": 2022, "category": "Adaptación", "date": "2025-02-10T03:02:12.050Z", "url": "https://ciam.ambiente.gob.ar/images/uploaded/recursos/415/_Informe%20de%20resultados%20de%20Di%C3%A1logo%20Intercultural%20-%20Regi%C3%B3n%20Sur%20(Octubre%202022).pdf", "image": "", "comunidad": false, "capacitaciones": false, "ciudadania": true, "authors": []}}, {"model": "main.book", "pk": 241, "fields": {"year": 2021, "category": "Adaptación", "date": "2025-02-10T03:02:12.074Z", "url": "https://ciam.ambiente.gob.ar/images/uploaded/recursos/407/Informe%20de%20resultados%202021-%20Espacios%20de%20encuentro%20y%20capacitaci%C3%B3n.pdf", "image": "", "comunidad": false, "capacitaciones": true, "ciudadania": true, "authors": []}}, {"model": "main.book", "pk": 242, "fields": {"year": 2022, "category": "Adaptación", "date": "2025-02-10T03:02:12.098Z", "url": "https://ciam.ambiente.gob.ar/images/uploaded/recursos/404/Informe%20de%20resultados%20-%202022%20Mesa%20regional.pdf", "image": "", "comunidad": false, "capacitaciones": false, "ciudadania": true, "authors": []}}, {"model": "main.book", "pk": 243, "fields": {"year": 2023, "category": "Adaptación", "date": "2025-02-10T03:02:12.127Z", "url": "https://ciam.ambiente.gob.ar/images/uploaded/recursos/402/Informe%20final%20Talleres%20de%20co-dise%C3%B1o%20con%20Pueblos%20Ind%C3%ADgenas.pdf", "image": "", "comunidad": false, "capacitaciones": false, "ciudadania": true, "authors": []}}, {"model": "main.book", "pk": 244, "fields": {"year": 2023, "category": "Pérdidas y daños", "date": "2025-02-10T03:02:12.156Z", "url": "https://ciam.ambiente.gob.ar/images/uploaded/recursos/427/manual_cultura.pdf", "image": "", "comunidad": true, "capacitaciones": false, "ciudadania": false, "authors": []}}, {"model": "main.book", "pk": 245, "fields": {"year": 2023, "category": "Adaptación", "date": "2025-02-10T03:02:12.180Z", "url": "https://ciam.ambiente.gob.ar/images/uploaded/recursos/422/IVSD_indicadores%20por%20departamento.pdf", "image": "", "comunidad": false, "capacitaciones": false, "ciudadania": false, "authors": []}}, {"model": "main.book", "pk": 246, "fields": {"year": 2023, "category": "Adaptación", "date": "2025-02-10T03:02:12.204Z", "url": "https://ciam.ambiente.gob.ar/images/uploaded/recursos/424/ivsd_departamentos.pdf", "image": "", "comunidad": false, "capacitaciones": false, "ciudadania": false, "authors": []}}, {"model": "main.book", "pk": 247, "fields": {"year": 2023, "category": "Adaptación", "date": "2025-02-10T03:02:12.231Z", "url": "https://ciam.ambiente.gob.ar/images/uploaded/recursos/425/ivsd_provincias.pdf", "image": "", "comunidad": false, "capacitaciones": false, "ciudadania": false, "authors": []}}, {"model": "main.book", "pk": 248, "fields": {"year": 2023, "category": "Adaptación", "date": "2025-02-10T03:02:12.253Z", "url": "https://ciam.ambiente.gob.ar/images/uploaded/recursos/426/IVSD%20indicadores%20por%20provincia.pdf", "image": "", "comunidad": false, "capacitaciones": false, "ciudadania": false, "authors": []}}, {"model": "main.book", "pk": 249, "fields": {"year": 2023, "category": "Adaptación, Mitigación, Pérdidas y daños", "date": "2025-02-10T03:02:12.276Z", "url": "https://ciam.ambiente.gob.ar/images/uploaded/recursos/439/2023%20ENACE%20Argentina_final.pdf", "image": "", "comunidad": true, "capacitaciones": false, "ciudadania": true, "authors": [33]}}, {"model": "main.book", "pk": 250, "fields": {"year": 2023, "category": "Adaptación, Mitigación, Pérdidas y daños", "date": "2025-02-10T03:02:12.311Z", "url": "https://ciam.ambiente.gob.ar/images/uploaded/recursos/440/2023%20ENACE_Informe%20consulta%20p%C3%BAblica.pdf", "image": "", "comunidad": true, "capacitaciones": false, "ciudadania": true, "authors": [33]}}, {"model": "main.book", "pk": 251, "fields": {"year": 2023, "category": "Adaptación, Mitigación, Pérdidas y daños", "date": "2025-02-10T03:02:12.345Z", "url": "https://ciam.ambiente.gob.ar/images/uploaded/recursos/441/2023%20Informe%20de%20Resultados_Proceso%20participativo%20ENACE.pdf", "image": "", "comunidad": true, "capacitaciones": false, "ciudadania": true, "authors": [33]}}, {"model": "main.book", "pk": 252, "fields": {"year": 2022, "category": "Adaptación", "date": "2025-02-10T03:02:12.379Z", "url": "https://ciam.ambiente.gob.ar/images/uploaded/recursos/442/Patagonia%20Cadenas%20de%20Riesgos.pdf", "image": "", "comunidad": false, "capacitaciones": false, "ciudadania": false, "authors": [33]}}, {"model": "main.book", "pk": 253, "fields": {"year": 2022, "category": "Adaptación", "date": "2025-02-10T03:02:12.415Z", "url": "https://ciam.ambiente.gob.ar/images/uploaded/recursos/443/NEA%20Cadenas%20de%20Riesgos.pdf", "image": "", "comunidad": false, "capacitaciones": false, "ciudadania": false, "authors": [33]}}, {"model": "main.bookversion", "pk": 1, "fields": {"lang": "es", "book": 200, "title": "Establecimientos de atención de la salud y Adaptación al Cambio Climático", "description": ""}}, {"model": "main.bookversion", "pk": 2, "fields": {"lang": "es", "book": 201, "title": "Abordaje de las enfermedades transmitidas por vectores en el contexto de cambio climático", "description": ""}}, {"model": "main.bookversion", "pk": 3, "fields": {"lang": "es", "book": 202, "title": "Movilidad humana y cambio climático: Aproximación conceptual y abordaje en el contexto argentino  ", "description": ""}}, {"model": "main.bookversion", "pk": 4, "fields": {"lang": "es", "book": 203, "title": "Actualización de índices de\r\nvulnerabilidad social frente a\r\ndesastres\r\nAvance 2022", "description": ""}}, {"model": "main.bookversion", "pk": 5, "fields": {"lang": "es", "book": 204, "title": "Resumen ejecutivo: La percepción de la sociedad argentina sobre el cambio climático", "description": "Resumen ejecutivo"}}, {"model": "main.bookversion", "pk": 6, "fields": {"lang": "es", "book": 205, "title": "Informe la percepción de la sociedad argentina sobre el cambio climático", "description": ""}}, {"model": "main.bookversion", "pk": 7, "fields": {"lang": "es", "book": 206, "title": "Lineamientos para la elaboración de planes de respuesta al cambio climático: Componente de adaptación", "description": ""}}, {"model": "main.bookversion", "pk": 8, "fields": {"lang": "es", "book": 207, "title": "Lineamientos para incorporar el enfoque Adaptación basada en Ecosistemas en Planes de Respuesta al Cambio Climático.", "description": "Publicación con marco conceptual de enfoque de adaptación basado en ecosistemas. Recomendaciones ."}}, {"model": "main.bookversion", "pk": 9, "fields": {"lang": "es", "book": 208, "title": "Lineamientos para incorporar el enfoque Adaptación basada en Comunidades en Planes de Respuesta al Cambio Climático.", "description": "Publicación con marco conceptual de enfoque de adaptación basado en comunidades. Recomendaciones ."}}, {"model": "main.bookversion", "pk": 10, "fields": {"lang": "es", "book": 209, "title": "Cambio climático desde la visión de los Pueblos Indígenas", "description": ""}}, {"model": "main.bookversion", "pk": 11, "fields": {"lang": "es", "book": 210, "title": "El acceso al conocimiento\r\npara ejercer el derecho\r\na participar y decidir", "description": ""}}, {"model": "main.bookversion", "pk": 12, "fields": {"lang": "es", "book": 211, "title": "Instrumentos que garantizan la participación de los Pueblos Indígenas a nivel nacional e internacional", "description": ""}}, {"model": "main.bookversion", "pk": 13, "fields": {"lang": "es", "book": 212, "title": "Informe Anual Gabinte Nacional de Cambio Climático ", "description": "Informe Anual del Gabinete Nacional de Cambio Climático – Año 2022"}}, {"model": "main.bookversion", "pk": 14, "fields": {"lang": "es", "book": 213, "title": "Informe Anual Gabinte Nacional de Cambio Climático ", "description": "Informe Anual del Gabinete Nacional de Cambio Climático – Año 2023"}}, {"model": "main.bookversion", "pk": 15, "fields": {"lang": "es", "book": 214, "title": "Informe Anual Gabinte Nacional de Cambio Climático ", "description": "Informe Anual del Gabinete Nacional de Cambio Climático – Año 2021"}}, {"model": "main.bookversion", "pk": 16, "fields": {"lang": "es", "book": 215, "title": "Informe Anual Gabinte Nacional de Cambio Climático ", "description": "Informe Anual del Gabinete Nacional de Cambio Climático – Año 2020"}}, {"model": "main.bookversion", "pk": 17, "fields": {"lang": "es", "book": 216, "title": "Informe Anual Gabinte Nacional de Cambio Climático ", "description": "Informe de Actividades del Gabinete Nacional de Cambio Climático – Año 2016 al 2019"}}, {"model": "main.bookversion", "pk": 18, "fields": {"lang": "es", "book": 217, "title": "Informe Anual Gabinte Nacional de Cambio Climático ", "description": "Informe de Actividades del Gabinete Nacional de Cambio Climático – Año 2018"}}, {"model": "main.bookversion", "pk": 19, "fields": {"lang": "es", "book": 218, "title": "Informe Anual Gabinte Nacional de Cambio Climático ", "description": "Informe de Actividades del Gabinete Nacional de Cambio Climático – Año 2017"}}, {"model": "main.bookversion", "pk": 20, "fields": {"lang": "es", "book": 219, "title": "Informe Anual Consejo Asesor Externo", "description": "Informe de Actividades del Consejo Asesor Externo – Año 2022"}}, {"model": "main.bookversion", "pk": 21, "fields": {"lang": "es", "book": 220, "title": "Informe Anual Consejo Asesor Externo", "description": "Informe de Actividades del Consejo Asesor Externo – Año 2023"}}, {"model": "main.bookversion", "pk": 22, "fields": {"lang": "es", "book": 221, "title": "\r\nEstrategia de Géneros, Diversidad y Cambio Climático", "description": "Bases para el abordaje del tema en la acción climática y se establece como instrumento rector para la transversalización de la perspectiva de género y diversidad de la política climática argentina. "}}, {"model": "main.bookversion", "pk": 23, "fields": {"lang": "es", "book": 222, "title": "La adaptación al cambio climático desde una perspectiva de género y diversidad", "description": "Marco introductorio sobre la problemática del cambio climático desde una perspectiva de género y diversidad."}}, {"model": "main.bookversion", "pk": 24, "fields": {"lang": "es", "book": 223, "title": "La perspectiva de género y diversidad en la política climática argentina Sector agro y bosques ", "description": "Guías  que presentan conceptos y herramientas para transversalizar la perspectiva de género y diversidad en la planificación de acciones climáticas sectoriales. Identifican las principales brechas de género en los distintos sectores e ilustran, a través de ejemplos y recomendaciones, de qué manera incorporar este enfoque en el diseño de medidas.  Las infografías arrojan los principales hallazgos por sector"}}, {"model": "main.bookversion", "pk": 25, "fields": {"lang": "es", "book": 224, "title": "Infografía La perspectiva de género y diversidad en la política climática argentina Sector agro y bosques ", "description": ""}}, {"model": "main.bookversion", "pk": 26, "fields": {"lang": "es", "book": 225, "title": "La perspectiva de género y diversidad en la política climática argentina Sector Energía.", "description": ""}}, {"model": "main.bookversion", "pk": 27, "fields": {"lang": "es", "book": 226, "title": "Infografía La perspectiva de género y diversidad en la política climática argentina Sector Energía", "description": ""}}, {"model": "main.bookversion", "pk": 28, "fields": {"lang": "es", "book": 227, "title": "La perspectiva de género y diversidad en la política climática argentina Sector Industria.", "description": ""}}, {"model": "main.bookversion", "pk": 29, "fields": {"lang": "es", "book": 228, "title": "Infografía La perspectiva de género y diversidad en la política climática argentina Sector Industria.", "description": ""}}, {"model": "main.bookversion", "pk": 30, "fields": {"lang": "es", "book": 229, "title": "La perspectiva de género y diversidad en la política climática argentina Sector Salud.", "description": ""}}, {"model": "main.bookversion", "pk": 31, "fields": {"lang": "es", "book": 230, "title": "Infografía La perspectiva de género y diversidad en la política climática argentina Sector Salud.", "description": ""}}, {"model": "main.bookversion", "pk": 32, "fields": {"lang": "es", "book": 231, "title": "La perspectiva de género y diversidad en la política climática argentina Sector Transporte.", "description": ""}}, {"model": "main.bookversion", "pk": 33, "fields": {"lang": "es", "book": 232, "title": "Infografía La perspectiva de género y diversidad en la política climática argentina Sector Transporte", "description": ""}}, {"model": "main.bookversion", "pk": 34, "fields": {"lang": "es", "book": 233, "title": "La perspectiva de género y diversidad en la política climática argentina Sector Turismo.", "description": ""}}, {"model": "main.bookversion", "pk": 35, "fields": {"lang": "es", "book": 234, "title": "Infografía La perspectiva de género y diversidad en la política climática argentina Sector Turismo.", "description": ""}}, {"model": "main.bookversion", "pk": 36, "fields": {"lang": "es", "book": 235, "title": "Metodología para el desarrollo de procesos participativos con Pueblos Indígenas", "description": "El documento detalla la metodología para el desarrollo del proceso participativo con Pueblos Indígenas, siendo el documento soporte para facilitar los Diálogos Interculturales realizados durante el año 2022"}}, {"model": "main.bookversion", "pk": 37, "fields": {"lang": "es", "book": 236, "title": "Informe final Proceso participativo con Pueblos Indígenas", "description": "El documento presenta los principales resultados de los DIálogos Interculturales llevados adelante en 2022 en el marco de la elaboración del PNAyMCC"}}, {"model": "main.bookversion", "pk": 38, "fields": {"lang": "es", "book": 237, "title": "Informe final Proceso participativo con Pueblos Indígenas Región NOA", "description": "El documento presenta los principales resultados de los DIálogos Interculturales llevados adelante en 2022 en la región NOA en el marco de la elaboración del PNAyMCC"}}, {"model": "main.bookversion", "pk": 39, "fields": {"lang": "es", "book": 238, "title": "Informe final Proceso participativo con Pueblos Indígenas Región NEA", "description": "El documento presenta los principales resultados de los DIálogos Interculturales llevados adelante en 2022 en la región NEAen el marco de la elaboración del PNAyMCC"}}, {"model": "main.bookversion", "pk": 40, "fields": {"lang": "es", "book": 239, "title": "Informe final Proceso participativo con Pueblos Indígenas Región Centro", "description": "El documento presenta los principales resultados de los DIálogos Interculturales llevados adelante en 2022 en la región Centro en el marco de la elaboración del PNAyMCC"}}, {"model": "main.bookversion", "pk": 41, "fields": {"lang": "es", "book": 240, "title": "Informe final Proceso participativo con Pueblos Indígenas Región Sur", "description": "El documento presenta los principales resultados de los DIálogos Interculturales llevados adelante en 2022 en la región Sur en el marco de la elaboración del PNAyMCC"}}, {"model": "main.bookversion", "pk": 42, "fields": {"lang": "es", "book": 241, "title": "Informe de resultados 2021- Espacios de encuentro y capacitación", "description": "Informe de resultados de los espacios de encuentro y capacitación  con sociedad civil durante el 2021 para la elaboración del Plan Nacional de Adaptación"}}, {"model": "main.bookversion", "pk": 43, "fields": {"lang": "es", "book": 242, "title": "Informe de resultados - 2022 Mesa regional", "description": "Informe de resultados de los espacios de encuentro y capacitación con sociedad civil durante el 2022 para la elaboración del Plan Nacional de Adaptación"}}, {"model": "main.bookversion", "pk": 44, "fields": {"lang": "es", "book": 243, "title": "Informe final Talleres de co-diseño con Pueblos Indígenas", "description": "Principales resultados del taller de co-diseño con Pueblos Indigenas que tuvo como objetivo elaborar  los mensajes clave y contenidos de los materiales comunicacionales sobre cambio climático con una mirada desde y hacia la\ninterculturalidad contemplando el buen vivir, territorio y la cosmovisión de los pueblos y comunidades indígenas."}}, {"model": "main.bookversion", "pk": 45, "fields": {"lang": "es", "book": 244, "title": "Cultura y cambio climático Aproximación conceptual y abordaje en el contexto argentino", "description": "Publicación que aborda una aproximación conceptual de la Dimensión cultural en vinculación con el cambio climático, tomando como ejes los patrimonios culturales tangibles e intangibles y la industria cultural."}}, {"model": "main.bookversion", "pk": 46, "fields": {"lang": "es", "book": 245, "title": "IVSD: indicadores relativos a escala departamental", "description": ""}}, {"model": "main.bookversion", "pk": 47, "fields": {"lang": "es", "book": 246, "title": "Cartografía temática IVSD escala departamental", "description": ""}}, {"model": "main.bookversion", "pk": 48, "fields": {"lang": "es", "book": 247, "title": "Cartografía temática IVSD escala provincial", "description": ""}}, {"model": "main.bookversion", "pk": 49, "fields": {"lang": "es", "book": 248, "title": "IVSD: indicadores relativos a escala provincial \n", "description": ""}}, {"model": "main.bookversion", "pk": 50, "fields": {"lang": "es", "book": 249, "title": "Estrategia Nacional de Acción para el Empoderamiento Climático (ENACE)", "description": ""}}, {"model": "main.bookversion", "pk": 51, "fields": {"lang": "es", "book": 250, "title": "Informe sobre Consulta Pública de la Estrategia Nacional de Acción para el Empoderamiento Climático de la Argentina (ENACE)", "description": ""}}, {"model": "main.bookversion", "pk": 52, "fields": {"lang": "es", "book": 251, "title": "Informe de Resultados: Proceso de Participación para la construcción de la Estrategia Nacional de Acción para el Empoderamiento Climático de la Argentina (ENACE)", "description": ""}}, {"model": "main.bookversion", "pk": 53, "fields": {"lang": "es", "book": 252, "title": "Cadenas de riesgos de la Región Patagonia", "description": ""}}, {"model": "main.bookversion", "pk": 54, "fields": {"lang": "es", "book": 253, "title": "Cadenas de riesgos de la Región Noreste Argentino (NEA)", "description": ""}}]