[{"model": "main.provincia", "pk": "BA", "fields": {"gid": 22, "name": "Buenos Aires"}}, {"model": "main.provincia", "pk": "CA", "fields": {"gid": 6, "name": "Catamarca"}}, {"model": "main.provincia", "pk": "CB", "fields": {"gid": 11, "name": "Chubut"}}, {"model": "main.provincia", "pk": "CBA", "fields": {"gid": 1, "name": "Ciudad de Buenos Aires"}}, {"model": "main.provincia", "pk": "CD", "fields": {"gid": 21, "name": "Córdoba"}}, {"model": "main.provincia", "pk": "CH", "fields": {"gid": 8, "name": "Chaco"}}, {"model": "main.provincia", "pk": "CR", "fields": {"gid": 18, "name": "Corrientes"}}, {"model": "main.provincia", "pk": "ER", "fields": {"gid": 13, "name": "Entre Ríos"}}, {"model": "main.provincia", "pk": "FO", "fields": {"gid": 9, "name": "Formosa"}}, {"model": "main.provincia", "pk": "LP", "fields": {"gid": 23, "name": "La Pampa"}}, {"model": "main.provincia", "pk": "LR", "fields": {"gid": 5, "name": "La Rioja"}}, {"model": "main.provincia", "pk": "MD", "fields": {"gid": 12, "name": "Mendoza"}}, {"model": "main.provincia", "pk": "MI", "fields": {"gid": 19, "name": "Misiones"}}, {"model": "main.provincia", "pk": "NE", "fields": {"gid": 2, "name": "Neuquén"}}, {"model": "main.provincia", "pk": "PJ", "fields": {"gid": 15, "name": "Jujuy"}}, {"model": "main.provincia", "pk": "RN", "fields": {"gid": 17, "name": "Río Negro"}}, {"model": "main.provincia", "pk": "SA", "fields": {"gid": 20, "name": "Salta"}}, {"model": "main.provincia", "pk": "SC", "fields": {"gid": 10, "name": "Santa Cruz"}}, {"model": "main.provincia", "pk": "SE", "fields": {"gid": 16, "name": "Santiago del Estero"}}, {"model": "main.provincia", "pk": "SF", "fields": {"gid": 4, "name": "Santa Fe"}}, {"model": "main.provincia", "pk": "SJ", "fields": {"gid": 14, "name": "San Juan"}}, {"model": "main.provincia", "pk": "SL", "fields": {"gid": 3, "name": "San Luis"}}, {"model": "main.provincia", "pk": "TF", "fields": {"gid": 24, "name": "Tierra del Fuego"}}, {"model": "main.provincia", "pk": "TU", "fields": {"gid": 7, "name": "Tucumán"}}, {"model": "main.profile", "pk": "admin", "fields": {"name": "admin", "hidden": true, "image": "", "color": "#000000"}}, {"model": "main.profile", "pk": "docentes", "fields": {"name": "Docentes", "hidden": false, "image": "profile/docentes.svg", "color": "#F6F0FE"}}, {"model": "main.profile", "pk": "gp-locales", "fields": {"name": "Gestor público locales", "hidden": false, "image": "profile/gestor-publico-locales.svg", "color": "#fefaec"}}, {"model": "main.profile", "pk": "gp-nacional", "fields": {"name": "Gestor público nacional", "hidden": false, "image": "profile/gestor-publico-nacional.svg", "color": "#E9EAF0"}}, {"model": "main.profile", "pk": "juventudes", "fields": {"name": "Juventudes", "hidden": false, "image": "profile/juventudes.svg", "color": "#E6D9FD"}}, {"model": "main.profile", "pk": "ongs", "fields": {"name": "ONGS sin fines de lucro", "hidden": false, "image": "profile/ongs.svg", "color": "#F1FCF3"}}, {"model": "main.profile", "pk": "originarios", "fields": {"name": "Pueblos originarios", "hidden": false, "image": "profile/pueblos-originarios.svg", "color": "#DBECDD"}}, {"model": "main.profile", "pk": "p-general", "fields": {"name": "Público general", "hidden": false, "image": "profile/publico-general.svg", "color": "#ecf4ff"}}, {"model": "main.profile", "pk": "pg-provincial", "fields": {"name": "Gestor público provincial", "hidden": false, "image": "profile/gestor-publico-provincial.svg", "color": "#fcecd8"}}, {"model": "main.profile", "pk": "privado", "fields": {"name": "Sector privado", "hidden": false, "image": "profile/sector-privado.svg", "color": "#E1E1E1"}}, {"model": "main.language", "pk": "en", "fields": {"name": "Inglés", "order": 2}}, {"model": "main.language", "pk": "es", "fields": {"name": "Español", "order": 1}}, {"model": "main.language", "pk": "gk", "fields": {"name": "Gününa-küne", "order": 20}}, {"model": "main.language", "pk": "gu", "fields": {"name": "Guaraní", "order": 20}}, {"model": "main.language", "pk": "ma", "fields": {"name": "Mapuche", "order": 20}}, {"model": "main.language", "pk": "mb", "fields": {"name": "Mbya guaraníes (mbya)", "order": 20}}, {"model": "main.language", "pk": "qu", "fields": {"name": "Quechua", "order": 20}}, {"model": "main.language", "pk": "to", "fields": {"name": "Toba (qom)", "order": 20}}, {"model": "main.language", "pk": "wi", "fields": {"name": "Wichí", "order": 20}}, {"model": "main.tag", "pk": 1, "fields": {"name": "cambio climático"}}, {"model": "main.tag", "pk": 2, "fields": {"name": "riesgos agroclimáticos"}}, {"model": "main.tag", "pk": 3, "fields": {"name": "sector privado"}}, {"model": "main.tag", "pk": 4, "fields": {"name": "gestor national"}}, {"model": "main.tag", "pk": 5, "fields": {"name": "gestor provincial"}}, {"model": "main.post", "pk": 3, "fields": {"type": 2, "parent": null, "category": "Adaptación, Mitigación, Pérdidas y daños", "slug": "que-es-el-snic", "status": 2, "image": "title/sobre-snicc.jpg", "date": "2025-02-14T14:19:29.475Z", "protected": true}}, {"model": "main.post", "pk": 4, "fields": {"type": 2, "parent": null, "category": "7", "slug": "que-esta-haciendo-el-estado", "status": 1, "image": "", "date": "2024-12-19T11:52:19.876Z", "protected": false}}, {"model": "main.post", "pk": 5, "fields": {"type": 2, "parent": 18, "category": "Adaptación, Mitigación, Pérdidas y daños", "slug": "gabinete-nacional-cambio", "status": 2, "image": "title/gncc.svg", "date": "2025-02-17T00:07:26.806Z", "protected": false}}, {"model": "main.post", "pk": 6, "fields": {"type": 2, "parent": 15, "category": "Adaptación", "slug": "marco-nacional", "status": 2, "image": "title/marco-nacional_hUCIsxK.svg", "date": "2025-02-17T03:16:46.597Z", "protected": false}}, {"model": "main.post", "pk": 7, "fields": {"type": 2, "parent": null, "category": "3", "slug": "cmnucc", "status": 1, "image": "", "date": "2024-12-19T11:55:59.574Z", "protected": false}}, {"model": "main.post", "pk": 8, "fields": {"type": 2, "parent": null, "category": "3", "slug": "acuerdo-de-paris", "status": 1, "image": "", "date": "2024-12-19T11:56:15.753Z", "protected": false}}, {"model": "main.post", "pk": 9, "fields": {"type": 2, "parent": 15, "category": "Adaptación", "slug": "marco-internacional", "status": 2, "image": "title/marco-internacional.svg", "date": "2025-02-17T03:16:34.220Z", "protected": false}}, {"model": "main.post", "pk": 10, "fields": {"type": 2, "parent": null, "category": "3", "slug": "contribucion-nivel-nacional", "status": 1, "image": "", "date": "2024-12-19T11:56:33.995Z", "protected": false}}, {"model": "main.post", "pk": 12, "fields": {"type": 2, "parent": 15, "category": "Adaptación", "slug": "sobre-adaptacion", "status": 2, "image": "title/adaptacion.svg", "date": "2025-02-16T23:25:20.238Z", "protected": false}}, {"model": "main.post", "pk": 13, "fields": {"type": 2, "parent": 15, "category": "Pérdidas y daños", "slug": "sobre-perdidas-y-danos", "status": 2, "image": "title/perdidas-y-danos.svg", "date": "2025-02-16T23:27:56.729Z", "protected": false}}, {"model": "main.post", "pk": 14, "fields": {"type": 1, "parent": null, "category": "Adaptación", "slug": "gestion-del-impacto-climatico", "status": 2, "image": "title/gestion-del-impacto-climatico.jpg", "date": "2025-02-14T15:05:25.202Z", "protected": false}}, {"model": "main.post", "pk": 15, "fields": {"type": 2, "parent": null, "category": "Adaptación", "slug": "gestion-climatica", "status": 2, "image": "title/gestion-climatica.svg", "date": "2025-02-13T05:34:44.762Z", "protected": true}}, {"model": "main.post", "pk": 16, "fields": {"type": 2, "parent": 15, "category": "Adaptación", "slug": "que-es-el-cambio-climatico", "status": 2, "image": "title/cambio-climatico.svg", "date": "2025-02-16T23:38:17.245Z", "protected": false}}, {"model": "main.post", "pk": 17, "fields": {"type": 2, "parent": 15, "category": "Adaptación", "slug": "que-esta-haciendo-el-estado-n", "status": 1, "image": "title/pnaymcc.svg", "date": "2025-02-17T03:16:54.429Z", "protected": false}}, {"model": "main.post", "pk": 18, "fields": {"type": 2, "parent": 6, "category": "Adaptación", "slug": "ley-n-27520", "status": 2, "image": "title/ley-no-2752.svg", "date": "2025-02-17T00:09:09.416Z", "protected": false}}, {"model": "main.post", "pk": 19, "fields": {"type": 2, "parent": null, "category": "Adaptación, Mitigación, Pérdidas y daños", "slug": "terminos-y-condiciones", "status": 2, "image": "", "date": "2025-02-13T05:34:42.190Z", "protected": true}}, {"model": "main.post", "pk": 20, "fields": {"type": 2, "parent": null, "category": "Adaptación, Mitigación, Pérdidas y daños", "slug": "acerca", "status": 2, "image": "", "date": "2025-02-13T05:38:34.997Z", "protected": true}}, {"model": "main.post", "pk": 21, "fields": {"type": 2, "parent": null, "category": "Adaptación, Mitigación, Pérdidas y daños", "slug": "contacto", "status": 2, "image": "", "date": "2025-02-13T05:38:31.029Z", "protected": true}}, {"model": "main.post", "pk": 22, "fields": {"type": 2, "parent": null, "category": "Adaptación, Mitigación, Pérdidas y daños", "slug": "informacion-para-privado", "status": 2, "image": "profile/sector-privado.svg", "date": "2025-02-16T23:16:04.878Z", "protected": true}}, {"model": "main.post", "pk": 23, "fields": {"type": 2, "parent": null, "category": "Adaptación, Mitigación, Pérdidas y daños", "slug": "informacion-para-docentes", "status": 2, "image": "profile/docentes.svg", "date": "2025-02-16T23:16:04.995Z", "protected": true}}, {"model": "main.post", "pk": 24, "fields": {"type": 2, "parent": null, "category": "Adaptación, Mitigación, Pérdidas y daños", "slug": "informacion-para-gp-locales", "status": 2, "image": "profile/gestor-publico-locales.svg", "date": "2025-02-16T23:16:05.068Z", "protected": true}}, {"model": "main.post", "pk": 25, "fields": {"type": 2, "parent": null, "category": "Adaptación, Mitigación, Pérdidas y daños", "slug": "informacion-para-gp-nacional", "status": 2, "image": "profile/gestor-publico-nacional.svg", "date": "2025-02-16T23:16:05.134Z", "protected": true}}, {"model": "main.post", "pk": 26, "fields": {"type": 2, "parent": null, "category": "Adaptación, Mitigación, Pérdidas y daños", "slug": "informacion-para-juventudes", "status": 2, "image": "profile/juventudes.svg", "date": "2025-02-16T23:16:05.234Z", "protected": true}}, {"model": "main.post", "pk": 27, "fields": {"type": 2, "parent": null, "category": "Adaptación, Mitigación, Pérdidas y daños", "slug": "informacion-para-ongs", "status": 2, "image": "profile/ongs.svg", "date": "2025-02-16T23:16:05.309Z", "protected": true}}, {"model": "main.post", "pk": 28, "fields": {"type": 2, "parent": null, "category": "Adaptación, Mitigación, Pérdidas y daños", "slug": "informacion-para-originarios", "status": 2, "image": "profile/pueblos-originarios.svg", "date": "2025-02-16T23:16:05.376Z", "protected": true}}, {"model": "main.post", "pk": 29, "fields": {"type": 2, "parent": null, "category": "Adaptación, Mitigación, Pérdidas y daños", "slug": "informacion-para-p-general", "status": 2, "image": "profile/publico-general.svg", "date": "2025-02-16T23:16:05.468Z", "protected": true}}, {"model": "main.post", "pk": 30, "fields": {"type": 2, "parent": null, "category": "Adaptación, Mitigación, Pérdidas y daños", "slug": "informacion-para-pg-provincial", "status": 2, "image": "profile/gestor-publico-provincial.svg", "date": "2025-02-16T23:16:05.609Z", "protected": true}}, {"model": "main.post", "pk": 31, "fields": {"type": 2, "parent": 15, "category": "Mitigación", "slug": "sobre-mitigacion", "status": 2, "image": "title/mitigacion.svg", "date": "2025-02-16T23:31:43.339Z", "protected": false}}, {"model": "main.post", "pk": 32, "fields": {"type": 2, "parent": 6, "category": "Adaptación, Mitigación, Pérdidas y daños", "slug": "sectores-en-la-accion-climati", "status": 2, "image": "title/sectores-en-la-accion-climatica.svg", "date": "2025-02-16T23:44:25.744Z", "protected": false}}, {"model": "main.post", "pk": 33, "fields": {"type": 2, "parent": 18, "category": "Adaptación, Mitigación, Pérdidas y daños", "slug": "pnaymcc", "status": 2, "image": "title/pnaymcc_vW02NIH.svg", "date": "2025-02-17T00:07:54.220Z", "protected": false}}, {"model": "main.post", "pk": 34, "fields": {"type": 2, "parent": 32, "category": "Adaptación, Mitigación, Pérdidas y daños", "slug": "generos-y-diversidad", "status": 2, "image": "title/capacitaciones.svg", "date": "2025-02-17T03:52:33.494Z", "protected": false}}, {"model": "main.post", "pk": 35, "fields": {"type": 2, "parent": 32, "category": "Adaptación, Mitigación, Pérdidas y daños", "slug": "enace", "status": 2, "image": "title/marco-nacional_Wb9Ylxg.svg", "date": "2025-02-17T03:34:32.424Z", "protected": false}}, {"model": "main.post", "pk": 36, "fields": {"type": 2, "parent": 32, "category": "Adaptación, Mitigación, Pérdidas y daños", "slug": "bosques", "status": 2, "image": "title/salvaguardas.svg", "date": "2025-02-17T03:57:37.599Z", "protected": false}}, {"model": "main.postversion", "pk": 8, "fields": {"lang": "es", "title": "¿Que es el SNICC?", "body": "**¿Que es el SNICC?**\r\n\r\nEl Sistema Nacional de Información de Gestión Climática es una herramienta que nos permite conocer los avances de Argentina en materia de acción climática.  La información está organizada en base a tres pilares, mitigación, adaptación y pérdidas y daños. \r\n\r\nEste sistema responde a la Ley 27520 que en su  Art. 17 expresa: “Créase el Sistema Nacional de Información sobre Cambio Climático como instrumento para el diagnóstico y desarrollo de planes de respuesta al cambio climático en las diferentes jurisdicciones y para garantizar la robustez y transparencia del inventario nacional de gases de efecto invernadero y monitoreo de medidas de mitigación”", "post": 3, "date": "2024-12-19T10:22:55.658Z", "user": 1, "short": null}}, {"model": "main.postversion", "pk": 9, "fields": {"lang": "es", "title": "¿Qué esta haciendo el estado nacional?", "body": "test", "post": 4, "date": "2024-12-19T10:32:52.957Z", "user": 1, "short": null}}, {"model": "main.postversion", "pk": 10, "fields": {"lang": "es", "title": "Gabinete Nacional de Cambio Climático", "body": "**Gabinete Nacional de Cambio Climático**\r\n\r\nEn diciembre de 2019 se publicó la Ley n.° 27520 de Presupuestos Mínimos de Adaptación y Mitigación al Cambio Climático Global para garantizar acciones, instrumentos y estrategias adecuadas de mitigación y adaptación al cambio climático en todo el territorio nacional.\r\n\r\nPara alcanzar los objetivos establecidos, en el artículo 2 de dicha ley se crea el Gabinete Nacional de Cambio Climático (GNCC) que tiene como fin articular entre las distintas áreas de gobierno de la Administración Pública Nacional, el [Consejo Federal de Medio Ambiente][1] y distintos actores de la sociedad civil, el diseño de políticas públicas consensuadas, con una mirada estratégica para reducir las emisiones de Gases de Efecto Invernadero (GEI) y generar respuestas coordinadas para la adaptación de sectores vulnerables a los impactos del cambio climático. Como resultado de esta articulación, la ley establece que se desarrollará e implementará el Plan Nacional de Adaptación y Mitigación al Cambio Climático.\r\n\r\nAdemás, la Ley n.° 27520 establece la creación de un Consejo Asesor Externo integrado por investigadores e investigadoras, sindicatos, comunidades y pueblos indígenas, representantes de organizaciones ambientales, universidades, entidades académicas y empresariales, centros de investigación públicos y privados, y representantes de partidos políticos con representación parlamentaria, entre otros. Su función principal es garantizar la participación ciudadana para asistir y asesorar en la elaboración de las políticas públicas de cambio climático en todo el territorio nacional y priorizar las necesidades de los grupos sociales más vulnerables a los impactos climáticos.\r\n\r\nLa subsecretaría de ambiente, como autoridad de aplicación de la ley ha establecido cuatro instancias de trabajo que conforman el Gabinete Nacional de Cambio Climático:\r\n\r\n - Reuniones de Ministros \r\n - Mesas de Puntos Focales  \r\n - Mesas de Articulación Provincial\r\n - Mesas Ampliadas.\r\n\r\n**Reunión de Ministros**\r\nEsta instancia de trabajo se encuentra establecida en los artículos 7 y 8 de la Ley de Presupuestos Mínimos de Adaptación y Mitigación al Cambio Climático Global. Tiene como objetivo principal la definición de los lineamientos estratégicos de cambio climático, como así también la presentación, actualización y validación de actividades y resultados.\r\n\r\nEn esta Mesa se definen las acciones que desarrollará cada organismo nacional para elaborar e implementar el Plan Nacional de Adaptación y Mitigación del Cambio Climático. También se planifican la incorporación de acciones para la mitigación y adaptación al cambio climático en las planificaciones y estrategias de cada organismo.\r\n\r\nParticipan en esta instancia de trabajo el Jefe de Gabinete de Ministros y las máximas autoridades de las áreas de gobierno.\r\n\r\n**Mesas de Articulación Provincial**\r\nEstas mesas tienen el objetivo de coordinar acciones entre Nación y las provincias, y retroalimentar el trabajo que se lleva a cabo en materia de adaptación y mitigación en cada jurisdicción. De esta manera, se aborda de forma conjunta, entre el Coordinador Técnico Administrativo, la Secretaría de Cambio Climático, Desarrollo Sostenible e Innovación, y la Comisión de Cambio Climático del Consejo Federal de Medio Ambiente, los planes de respuesta al cambio climático. \r\n\r\n**Mesas de Puntos Focales**\r\nPara trabajar a nivel técnico en la elaboración, implementación y análisis de las medidas de adaptación y mitigación del Plan Nacional de Adaptación y Mitigación del Cambio Climático se convoca a las Mesas de Puntos Focales, integradas por aquellas personas designadas por las autoridades que formen parte de la Mesa de Ministros. \r\n\r\n**Mecanismos de participación ciudadana:**\r\nEl siguiente mecanismo de participación ciudadana e institucional fue diseñado por la Coordinación Técnica Administrativa del Gabinete Nacional de Cambio Climático que depende de la Secretaría de Cambio Climático, Desarrollo Sostenible e Innovación, con el propósito de incluir las diversas sugerencias, comentarios y visiones de la sociedad civil en la política climática de la Argentina.\r\n\r\nEl mecanismo es abierto para todas las organizaciones de la sociedad civil, redes de organizaciones, federaciones, sindicatos, universidades y académicos/as, grupos temáticos y todas aquellas organizaciones de jóvenes que deseen brindar sus aportes al diseño de la política climática nacional coordinada a través del Gabinete.\r\n\r\n**Objetivo general**\r\nEl objetivo de este mecanismo es generar un canal de participación abierto y constante entre el Gabinete Nacional de Cambio Climático y la sociedad civil, que permita dar a conocer sus visiones, comentarios, prioridades, sugerencias y aportes para el diseño y ejecución de las políticas de Estado.\r\n\r\n**Objetivos específicos**\r\nGenerar un canal de participación e involucramiento de la sociedad civil en la política climática nacional.\r\nValorizar el rol de la sociedad civil en el diseño y ejecución de la política climática de la Argentina.\r\nIncluir los aportes y consideraciones de los diversos grupos, sectores y actores en los proyectos, acciones, estrategias sectoriales y transversales que se impulsen desde el gobierno nacional respecto de la acción climática.\r\nInstitucionalizar un espacio de intercambio en el marco de la Ley n.° 27520 de Presupuestos Mínimos de Adaptación y Mitigación al Cambio Climático Global.\r\nProceso\r\n\r\n\r\n**Mesa Ampliada**\r\nEl objetivo de estas mesas es promover el debate con todos los actores interesados (sector académico, de los trabajadores, sociedad civil, representantes de partidos políticos, sindicatos, municipios, comunidades indígenas, sector privado, entre otros) respecto a cómo las temáticas transversales pueden permear el diseño y ejecución del Plan Nacional de Adaptación y Mitigación al Cambio Climático. En este ámbito se informan las actividades a nivel nacional y subnacional. También se reciben insumos que luego se compartirán como avances y resultados de la elaboración e implementación del Plan Nacional de Adaptación y Mitigación al Cambio Climático\r\n\r\n**Informes de Gestión**\r\nPresentación de tabla a resolver con Federico y  el equipo técnico\r\n\r\n\r\n  [1]: https://www.argentina.gob.ar/cofema", "post": 5, "date": "2024-12-19T10:36:42.778Z", "user": 1, "short": null}}, {"model": "main.postversion", "pk": 11, "fields": {"lang": "es", "title": "Marco Nacional", "body": "**Marco Nacional**", "post": 6, "date": "2024-12-19T11:13:46.246Z", "user": 1, "short": null}}, {"model": "main.postversion", "pk": 12, "fields": {"lang": "es", "title": "Marco Internacional", "body": "**Marco internacional**\r\nA partir de la adopción de la Convención Marco de Naciones Unidas sobre Cambio Climático (CMNUCC) en 1992 y del Acuerdo de París en 2015, se han desarrollado sucesivas reuniones a través de la Conferencia de las Partes (COP, por sus siglas en inglés), que es el órgano supremo de toma de decisiones de la Convención.\r\nEn la COP se establecen obligaciones y responsabilidades asumidas por los Estados que son parte de la CMNUCC. También se evalúan los efectos de las medidas adoptadas y los progresos realizados por las Partes. \r\nArgentina asumió diversos compromisos nacionales para el país, como la elaboración de reportes internacionales <enlace a la sección de la web: Reportes Internacionales> de información ante la Convención.\r\n\r\n**CMNUCC**\r\nAdoptada en Río en junio de 1992 y ratificada por la Argentina a través de la Ley n.º 24295, la Convención Marco de Naciones Unidas sobre Cambio Climático (CMNUCC) define los esfuerzos intergubernamentales que deben alcanzarse con miras a abordar el desafío que plantea el cambio climático a nivel global. Sus objetivos consisten en estabilizar las concentraciones de gases de efecto invernadero en la atmósfera en un nivel que impida la interferencia antropógena con el sistema climático, con plazos suficientes para permitir la adaptación de los ecosistemas, asegurar que no existan amenazas para la producción de alimentos y permitir que el desarrollo económico se realice de manera sostenible. \r\nEl órgano supremo de toma de decisiones de la CMNUCC es la Conferencia de las Partes (COP, por sus siglas en inglés), en la cual se encuentran representados todos los Estados que ratificaron la Convención y en donde se reúne anualmente. En ella se examina la aplicación de la Convención y de cualquier otro instrumento jurídico que la COP adopte. Las Partes toman también las decisiones necesarias para promover su aplicación efectiva, incluidos los arreglos institucionales y administrativos. \r\n\r\n**Acuerdo de París**\r\nEl 12 diciembre de 2015, en la COP21 de París, las Partes de la Convención Marco de las Naciones Unidas sobre el Cambio Climático lograron un pacto histórico en la lucha contra la alteración climática para acelerar e intensificar las acciones e inversiones destinadas a construir un futuro sostenible con bajas emisiones de carbono. Este acuerdo agrupa a todos los países en una causa común: realizar los esfuerzos necesarios para revertir el curso actual del calentamiento global.\r\n\r\nEl Acuerdo de París entró en vigor el 4 de noviembre de 2016. Los científicos, a través de los reportes del IPCC, dejaron en claro que será necesario un gran cambio productivo y cultural para reducir el calentamiento global y evitar la ocurrencia de daños catastróficos e irreversibles. En esta línea, el Acuerdo de París, en su artículo n° 2, hace un llamado para “mantener el aumento de la temperatura media mundial muy por debajo de 2°C con respecto a los niveles preindustriales, y proseguir los esfuerzos para limitar ese aumento de la temperatura a 1,5°C, reconociendo que ello reduciría considerablemente los riesgos y los efectos del cambio climático”.\r\n\r\nDebido a la urgencia por tomar acciones globales para enfrentar al cambio climático, todas las Partes deben hacer todo lo que esté a su alcance e informar periódicamente sobre sus emisiones, sus esfuerzos de aplicación y actualizar sus NDC. En este sentido, el artículo nº 4 del Acuerdo, invita también a “todas las Partes a esforzarse por formular y comunicar estrategias a largo plazo para un desarrollo con bajas emisiones de gases de efecto invernadero, tomando en consideración sus responsabilidades comunes pero diferenciadas y sus circunstancias nacionales”.\r\n\r\nArgentina ratificó el Acuerdo de París en el año 2016 a través de la Ley nº. 27270 y para cumplir con los compromisos asumidos presenta regularmente sus inventarios y sus Contribuciones Determinadas a Nivel Nacional.\r\n\r\n\r\n**NDC**\r\nLas Contribuciones Determinadas a Nivel Nacional (NDC, por su sigla en inglés) son los compromisos asumidos por los países que forman parte de la Convención Marco de las Naciones Unidas sobre el Cambio Climático (CMNUCC) y que deben llevar a cabo para intensificar sus acciones, ya sea para reducir las emisiones de Gases de Efecto Invernadero (GEI) (acciones de mitigación) o para adaptarse a los impactos producidos por ese fenómeno (acciones de adaptación). Las contribuciones de cada país son establecidas en función de sus circunstancias nacionales y sus respectivas capacidades.\r\n\r\nEl conjunto de las NDC presentadas por cada país debería contribuir con el cumplimiento de los objetivos del Acuerdo de París de “mantener el aumento de la temperatura media mundial muy por debajo de 2°C con respecto a los niveles preindustriales, y proseguir los esfuerzos para limitar ese aumento de la temperatura a 1,5°C con respecto a los niveles preindustriales”.\r\n\r\nEn este sentido, Argentina llevó adelante un proceso de revisión de su NDC que fue coordinada a través del Gabinete Nacional de Cambio Climático (GNCC), con una propuesta en la que participan todas las carteras de la Administración Pública Nacional, las jurisdicciones a través del Consejo Federal de Medio Ambiente (COFEMA) y todos los actores interesados y la sociedad civil.\r\n\r\nA continuación, ofrecemos para su descarga el documento de la segunda NDC presentada por Argentina.\r\n**https://www.google.com/url?q=https://www.argentina.gob.ar/ambiente/cambio-climatico/contribucion-nacional&sa=D&source=docs&ust=1734106672618184&usg=AOvVaw2wMIXPDbf72uZ-E8cDBwoQ**", "post": 7, "date": "2024-12-19T11:15:59.498Z", "user": 1, "short": null}}, {"model": "main.postversion", "pk": 13, "fields": {"lang": "es", "title": "CMNUCC", "body": "**Marco internacional**\r\nA partir de la adopción de la Convención Marco de Naciones Unidas sobre Cambio Climático (CMNUCC) en 1992 y del Acuerdo de París en 2015, se han desarrollado sucesivas reuniones a través de la Conferencia de las Partes (COP, por sus siglas en inglés), que es el órgano supremo de toma de decisiones de la Convención.\r\nEn la COP se establecen obligaciones y responsabilidades asumidas por los Estados que son parte de la CMNUCC. También se evalúan los efectos de las medidas adoptadas y los progresos realizados por las Partes. \r\nArgentina asumió diversos compromisos nacionales para el país, como la elaboración de reportes internacionales <enlace a la sección de la web: Reportes Internacionales> de información ante la Convención.\r\n\r\n**CMNUCC**\r\nAdoptada en Río en junio de 1992 y ratificada por la Argentina a través de la Ley n.º 24295, la Convención Marco de Naciones Unidas sobre Cambio Climático (CMNUCC) define los esfuerzos intergubernamentales que deben alcanzarse con miras a abordar el desafío que plantea el cambio climático a nivel global. Sus objetivos consisten en estabilizar las concentraciones de gases de efecto invernadero en la atmósfera en un nivel que impida la interferencia antropógena con el sistema climático, con plazos suficientes para permitir la adaptación de los ecosistemas, asegurar que no existan amenazas para la producción de alimentos y permitir que el desarrollo económico se realice de manera sostenible. \r\nEl órgano supremo de toma de decisiones de la CMNUCC es la Conferencia de las Partes (COP, por sus siglas en inglés), en la cual se encuentran representados todos los Estados que ratificaron la Convención y en donde se reúne anualmente. En ella se examina la aplicación de la Convención y de cualquier otro instrumento jurídico que la COP adopte. Las Partes toman también las decisiones necesarias para promover su aplicación efectiva, incluidos los arreglos institucionales y administrativos. \r\n\r\n**Acuerdo de París**\r\nEl 12 diciembre de 2015, en la COP21 de París, las Partes de la Convención Marco de las Naciones Unidas sobre el Cambio Climático lograron un pacto histórico en la lucha contra la alteración climática para acelerar e intensificar las acciones e inversiones destinadas a construir un futuro sostenible con bajas emisiones de carbono. Este acuerdo agrupa a todos los países en una causa común: realizar los esfuerzos necesarios para revertir el curso actual del calentamiento global.\r\n\r\nEl Acuerdo de París entró en vigor el 4 de noviembre de 2016. Los científicos, a través de los reportes del IPCC, dejaron en claro que será necesario un gran cambio productivo y cultural para reducir el calentamiento global y evitar la ocurrencia de daños catastróficos e irreversibles. En esta línea, el Acuerdo de París, en su artículo n° 2, hace un llamado para “mantener el aumento de la temperatura media mundial muy por debajo de 2°C con respecto a los niveles preindustriales, y proseguir los esfuerzos para limitar ese aumento de la temperatura a 1,5°C, reconociendo que ello reduciría considerablemente los riesgos y los efectos del cambio climático”.\r\n\r\nDebido a la urgencia por tomar acciones globales para enfrentar al cambio climático, todas las Partes deben hacer todo lo que esté a su alcance e informar periódicamente sobre sus emisiones, sus esfuerzos de aplicación y actualizar sus NDC. En este sentido, el artículo nº 4 del Acuerdo, invita también a “todas las Partes a esforzarse por formular y comunicar estrategias a largo plazo para un desarrollo con bajas emisiones de gases de efecto invernadero, tomando en consideración sus responsabilidades comunes pero diferenciadas y sus circunstancias nacionales”.\r\n\r\nArgentina ratificó el Acuerdo de París en el año 2016 a través de la Ley nº. 27270 y para cumplir con los compromisos asumidos presenta regularmente sus inventarios y sus Contribuciones Determinadas a Nivel Nacional.\r\n\r\n\r\n**NDC**\r\nLas Contribuciones Determinadas a Nivel Nacional (NDC, por su sigla en inglés) son los compromisos asumidos por los países que forman parte de la Convención Marco de las Naciones Unidas sobre el Cambio Climático (CMNUCC) y que deben llevar a cabo para intensificar sus acciones, ya sea para reducir las emisiones de Gases de Efecto Invernadero (GEI) (acciones de mitigación) o para adaptarse a los impactos producidos por ese fenómeno (acciones de adaptación). Las contribuciones de cada país son establecidas en función de sus circunstancias nacionales y sus respectivas capacidades.\r\n\r\nEl conjunto de las NDC presentadas por cada país debería contribuir con el cumplimiento de los objetivos del Acuerdo de París de “mantener el aumento de la temperatura media mundial muy por debajo de 2°C con respecto a los niveles preindustriales, y proseguir los esfuerzos para limitar ese aumento de la temperatura a 1,5°C con respecto a los niveles preindustriales”.\r\n\r\nEn este sentido, Argentina llevó adelante un proceso de revisión de su NDC que fue coordinada a través del Gabinete Nacional de Cambio Climático (GNCC), con una propuesta en la que participan todas las carteras de la Administración Pública Nacional, las jurisdicciones a través del Consejo Federal de Medio Ambiente (COFEMA) y todos los actores interesados y la sociedad civil.\r\n\r\nA continuación, ofrecemos para su descarga el documento de la segunda NDC presentada por Argentina.\r\n**https://www.google.com/url?q=https://www.argentina.gob.ar/ambiente/cambio-climatico/contribucion-nacional&sa=D&source=docs&ust=1734106672618184&usg=AOvVaw2wMIXPDbf72uZ-E8cDBwoQ**", "post": 7, "date": "2024-12-19T11:34:47.611Z", "user": 1, "short": null}}, {"model": "main.postversion", "pk": 14, "fields": {"lang": "es", "title": "Acuerdo de Paris", "body": "**Acuerdo de París**\r\n\r\nEl 12 diciembre de 2015, en la COP21 de París, las Partes de la Convención Marco de las Naciones Unidas sobre el Cambio Climático lograron un pacto histórico en la lucha contra la alteración climática para acelerar e intensificar las acciones e inversiones destinadas a construir un futuro sostenible con bajas emisiones de carbono. Este acuerdo agrupa a todos los países en una causa común: realizar los esfuerzos necesarios para revertir el curso actual del calentamiento global.\r\n\r\nEl Acuerdo de París entró en vigor el 4 de noviembre de 2016. Los científicos, a través de los reportes del IPCC, dejaron en claro que será necesario un gran cambio productivo y cultural para reducir el calentamiento global y evitar la ocurrencia de daños catastróficos e irreversibles. En esta línea, el Acuerdo de París, en su artículo n° 2, hace un llamado para “mantener el aumento de la temperatura media mundial muy por debajo de 2°C con respecto a los niveles preindustriales, y proseguir los esfuerzos para limitar ese aumento de la temperatura a 1,5°C, reconociendo que ello reduciría considerablemente los riesgos y los efectos del cambio climático”.\r\n\r\nDebido a la urgencia por tomar acciones globales para enfrentar al cambio climático, todas las Partes deben hacer todo lo que esté a su alcance e informar periódicamente sobre sus emisiones, sus esfuerzos de aplicación y actualizar sus NDC. En este sentido, el artículo nº 4 del Acuerdo, invita también a “todas las Partes a esforzarse por formular y comunicar estrategias a largo plazo para un desarrollo con bajas emisiones de gases de efecto invernadero, tomando en consideración sus responsabilidades comunes pero diferenciadas y sus circunstancias nacionales”.\r\n\r\nArgentina ratificó el Acuerdo de París en el año 2016 a través de la Ley nº. 27270 y para cumplir con los compromisos asumidos presenta regularmente sus inventarios y sus Contribuciones Determinadas a Nivel Nacional.", "post": 8, "date": "2024-12-19T11:37:05.705Z", "user": 1, "short": null}}, {"model": "main.postversion", "pk": 15, "fields": {"lang": "es", "title": "CMNUCC", "body": "**CMNUCC**\r\n\r\nAdoptada en Río en junio de 1992 y ratificada por la Argentina a través de la Ley n.º 24295, la Convención Marco de Naciones Unidas sobre Cambio Climático (CMNUCC) define los esfuerzos intergubernamentales que deben alcanzarse con miras a abordar el desafío que plantea el cambio climático a nivel global. Sus objetivos consisten en estabilizar las concentraciones de gases de efecto invernadero en la atmósfera en un nivel que impida la interferencia antropógena con el sistema climático, con plazos suficientes para permitir la adaptación de los ecosistemas, asegurar que no existan amenazas para la producción de alimentos y permitir que el desarrollo económico se realice de manera sostenible. \r\n\r\nEl órgano supremo de toma de decisiones de la CMNUCC es la Conferencia de las Partes (COP, por sus siglas en inglés), en la cual se encuentran representados todos los Estados que ratificaron la Convención y en donde se reúne anualmente. En ella se examina la aplicación de la Convención y de cualquier otro instrumento jurídico que la COP adopte. Las Partes toman también las decisiones necesarias para promover su aplicación efectiva, incluidos los arreglos institucionales y administrativos.", "post": 7, "date": "2024-12-19T11:38:04.001Z", "user": 1, "short": null}}, {"model": "main.postversion", "pk": 16, "fields": {"lang": "es", "title": "Marco internacional", "body": "**Marco internacional**\r\n\r\nA partir de la adopción de la Convención Marco de Naciones Unidas sobre Cambio Climático (CMNUCC) en 1992 y del Acuerdo de París en 2015, se han desarrollado sucesivas reuniones a través de la Conferencia de las Partes (COP, por sus siglas en inglés), que es el órgano supremo de toma de decisiones de la Convención.\r\n\r\nEn la COP se establecen obligaciones y responsabilidades asumidas por los Estados que son parte de la CMNUCC. También se evalúan los efectos de las medidas adoptadas y los progresos realizados por las Partes. \r\nArgentina asumió diversos compromisos nacionales para el país, como la elaboración de reportes internacionales <enlace a la sección de la web: Reportes Internacionales> de información ante la Convención.", "post": 9, "date": "2024-12-19T11:39:39.370Z", "user": 1, "short": null}}, {"model": "main.postversion", "pk": 17, "fields": {"lang": "es", "title": "Contribución Determinada a Nivel Nacional", "body": "Contribución Determinada a Nivel Nacional (NDC)", "post": 10, "date": "2024-12-19T11:40:37.935Z", "user": 1, "short": null}}, {"model": "main.postversion", "pk": 18, "fields": {"lang": "es", "title": "Contribución Determinada a Nivel Nacional", "body": "# Contribución Determinada a Nivel Nacional (NDC)\r\n\r\nLas Contribuciones Determinadas a Nivel Nacional (NDC, por su sigla en inglés) son los compromisos asumidos por los países que forman parte de la Convención Marco de las Naciones Unidas sobre el Cambio Climático (CMNUCC) y que deben llevar a cabo para intensificar sus acciones, ya sea para reducir las emisiones de Gases de Efecto Invernadero (GEI) (acciones de mitigación) o para adaptarse a los impactos producidos por ese fenómeno (acciones de adaptación). Las contribuciones de cada país son establecidas en función de sus circunstancias nacionales y sus respectivas capacidades.\r\n\r\nEl conjunto de las NDC presentadas por cada país debería contribuir con el cumplimiento de los objetivos del Acuerdo de París de “mantener el aumento de la temperatura media mundial muy por debajo de 2°C con respecto a los niveles preindustriales, y proseguir los esfuerzos para limitar ese aumento de la temperatura a 1,5°C con respecto a los niveles preindustriales”.\r\n\r\nEn este sentido, Argentina llevó adelante un proceso de revisión de su NDC que fue coordinada a través del Gabinete Nacional de Cambio Climático (GNCC), con una propuesta en la que participan todas las carteras de la Administración Pública Nacional, las jurisdicciones a través del Consejo Federal de Medio Ambiente (COFEMA) y todos los actores interesados y la sociedad civil.\r\n\r\nA continuación, ofrecemos para su descarga el documento de la [segunda NDC][1] presentada por Argentina.\r\n\r\n  [1]: https://www.google.com/url?q=https://www.argentina.gob.ar/ambiente/cambio-climatico/contribucion-nacional&sa=D&source=docs&ust=1734106672618184&usg=AOvVaw2wMIXPDbf72uZ-E8cDBwoQ", "post": 10, "date": "2024-12-19T11:43:37.022Z", "user": 1, "short": null}}, {"model": "main.postversion", "pk": 19, "fields": {"lang": "es", "title": "Marco internacional", "body": "# Marco internacional\r\n\r\nA partir de la adopción de la Convención Marco de Naciones Unidas sobre Cambio Climático (CMNUCC) en 1992 y del Acuerdo de París en 2015, se han desarrollado sucesivas reuniones a través de la Conferencia de las Partes (COP, por sus siglas en inglés), que es el órgano supremo de toma de decisiones de la Convención.\r\n\r\nEn la COP se establecen obligaciones y responsabilidades asumidas por los Estados que son parte de la CMNUCC. También se evalúan los efectos de las medidas adoptadas y los progresos realizados por las Partes. \r\n\r\nArgentina asumió diversos compromisos nacionales para el país, como la elaboración de reportes internacionales <**enlace a la sección de la web: Reportes Internacionales>** de información ante la Convención.", "post": 9, "date": "2024-12-19T11:44:14.607Z", "user": 1, "short": null}}, {"model": "main.postversion", "pk": 20, "fields": {"lang": "es", "title": "Acuerdo de Paris", "body": "# Acuerdo de París\r\n\r\nEl 12 diciembre de 2015, en la COP21 de París, las Partes de la Convención Marco de las Naciones Unidas sobre el Cambio Climático lograron un pacto histórico en la lucha contra la alteración climática para acelerar e intensificar las acciones e inversiones destinadas a construir un futuro sostenible con bajas emisiones de carbono. Este acuerdo agrupa a todos los países en una causa común: realizar los esfuerzos necesarios para revertir el curso actual del calentamiento global.\r\n\r\nEl Acuerdo de París entró en vigor el 4 de noviembre de 2016. Los científicos, a través de los [reportes del IPCC][1], dejaron en claro que será necesario un gran cambio productivo y cultural para reducir el calentamiento global y evitar la ocurrencia de daños catastróficos e irreversibles. En esta línea, el [Acuerdo de París][2], en su artículo n° 2, hace un llamado para “mantener el aumento de la temperatura media mundial muy por debajo de 2°C con respecto a los niveles preindustriales, y proseguir los esfuerzos para limitar ese aumento de la temperatura a 1,5°C, reconociendo que ello reduciría considerablemente los riesgos y los efectos del cambio climático”.\r\n\r\nDebido a la urgencia por tomar acciones globales para enfrentar al cambio climático, todas las Partes deben hacer todo lo que esté a su alcance e informar periódicamente sobre sus emisiones, sus esfuerzos de aplicación y actualizar sus NDC. En este sentido, el artículo nº 4 del Acuerdo, invita también a “todas las Partes a esforzarse por formular y comunicar estrategias a largo plazo para un desarrollo con bajas emisiones de gases de efecto invernadero, tomando en consideración sus responsabilidades comunes pero diferenciadas y sus circunstancias nacionales”.\r\n\r\nArgentina ratificó el Acuerdo de París en el año 2016 a través de la Ley nº. 27270 y para cumplir con los compromisos asumidos presenta regularmente sus inventarios y sus Contribuciones Determinadas a Nivel Nacional.\r\n\r\n\r\n  [1]: https://www.ipcc.ch/site/assets/uploads/sites/2/2019/09/IPCC-Special-Report-1.5-SPM_es.pdf\r\n  [2]: https://unfccc.int/sites/default/files/spanish_paris_agreement.pdf", "post": 8, "date": "2024-12-19T11:45:45.282Z", "user": 1, "short": null}}, {"model": "main.postversion", "pk": 21, "fields": {"lang": "es", "title": "CMNUCC", "body": "# CMNUCC\r\n\r\nAdoptada en Río en junio de 1992 y ratificada por la Argentina a través de la Ley n.º 24295, la Convención Marco de Naciones Unidas sobre Cambio Climático (CMNUCC) define los esfuerzos intergubernamentales que deben alcanzarse con miras a abordar el desafío que plantea el cambio climático a nivel global. Sus objetivos consisten en estabilizar las concentraciones de gases de efecto invernadero en la atmósfera en un nivel que impida la interferencia antropógena con el sistema climático, con plazos suficientes para permitir la adaptación de los ecosistemas, asegurar que no existan amenazas para la producción de alimentos y permitir que el desarrollo económico se realice de manera sostenible. \r\n\r\nEl órgano supremo de toma de decisiones de la CMNUCC es la Conferencia de las Partes (COP, por sus siglas en inglés), en la cual se encuentran representados todos los Estados que ratificaron la Convención y en donde se reúne anualmente. En ella se examina la aplicación de la Convención y de cualquier otro instrumento jurídico que la COP adopte. Las Partes toman también las decisiones necesarias para promover su aplicación efectiva, incluidos los arreglos institucionales y administrativos.", "post": 7, "date": "2024-12-19T11:46:15.992Z", "user": 1, "short": null}}, {"model": "main.postversion", "pk": 22, "fields": {"lang": "es", "title": "Marco Nacional", "body": "# Marco Nacional", "post": 6, "date": "2024-12-19T11:46:52.226Z", "user": 1, "short": null}}, {"model": "main.postversion", "pk": 23, "fields": {"lang": "es", "title": "Gabinete Nacional de Cambio Climático", "body": "# Gabinete Nacional de Cambio Climático\r\n\r\nEn diciembre de 2019 se publicó la Ley n.° 27520 de Presupuestos Mínimos de Adaptación y Mitigación al Cambio Climático Global para garantizar acciones, instrumentos y estrategias adecuadas de mitigación y adaptación al cambio climático en todo el territorio nacional.\r\n\r\nPara alcanzar los objetivos establecidos, en el artículo 2 de dicha ley se crea el Gabinete Nacional de Cambio Climático (GNCC) que tiene como fin articular entre las distintas áreas de gobierno de la Administración Pública Nacional, el [Consejo Federal de Medio Ambiente][1] y distintos actores de la sociedad civil, el diseño de políticas públicas consensuadas, con una mirada estratégica para reducir las emisiones de Gases de Efecto Invernadero (GEI) y generar respuestas coordinadas para la adaptación de sectores vulnerables a los impactos del cambio climático. Como resultado de esta articulación, la ley establece que se desarrollará e implementará el Plan Nacional de Adaptación y Mitigación al Cambio Climático.\r\n\r\nAdemás, la Ley n.° 27520 establece la creación de un Consejo Asesor Externo integrado por investigadores e investigadoras, sindicatos, comunidades y pueblos indígenas, representantes de organizaciones ambientales, universidades, entidades académicas y empresariales, centros de investigación públicos y privados, y representantes de partidos políticos con representación parlamentaria, entre otros. Su función principal es garantizar la participación ciudadana para asistir y asesorar en la elaboración de las políticas públicas de cambio climático en todo el territorio nacional y priorizar las necesidades de los grupos sociales más vulnerables a los impactos climáticos.\r\n\r\nLa subsecretaría de ambiente, como autoridad de aplicación de la ley ha establecido cuatro instancias de trabajo que conforman el Gabinete Nacional de Cambio Climático:\r\n* Reuniones de Ministros \r\n* Mesas de Puntos Focales  \r\n* Mesas de Articulación Provincial\r\n* Mesas Ampliadas.\r\n\r\n## Reunión de Ministros\r\nEsta instancia de trabajo se encuentra establecida en los artículos 7 y 8 de la Ley de Presupuestos Mínimos de Adaptación y Mitigación al Cambio Climático Global. Tiene como objetivo principal la definición de los lineamientos estratégicos de cambio climático, como así también la presentación, actualización y validación de actividades y resultados.\r\n\r\nEn esta Mesa se definen las acciones que desarrollará cada organismo nacional para elaborar e implementar el Plan Nacional de Adaptación y Mitigación del Cambio Climático. También se planifican la incorporación de acciones para la mitigación y adaptación al cambio climático en las planificaciones y estrategias de cada organismo.\r\n\r\nParticipan en esta instancia de trabajo el Jefe de Gabinete de Ministros y las máximas autoridades de las áreas de gobierno.\r\n\r\n## Mesas de Articulación Provincial\r\nEstas mesas tienen el objetivo de coordinar acciones entre Nación y las provincias, y retroalimentar el trabajo que se lleva a cabo en materia de adaptación y mitigación en cada jurisdicción. De esta manera, se aborda de forma conjunta, entre el Coordinador Técnico Administrativo, la Secretaría de Cambio Climático, Desarrollo Sostenible e Innovación, y la Comisión de Cambio Climático del Consejo Federal de Medio Ambiente, los planes de respuesta al cambio climático. \r\n\r\n## Mesas de Puntos Focales\r\nPara trabajar a nivel técnico en la elaboración, implementación y análisis de las medidas de adaptación y mitigación del Plan Nacional de Adaptación y Mitigación del Cambio Climático se convoca a las Mesas de Puntos Focales, integradas por aquellas personas designadas por las autoridades que formen parte de la Mesa de Ministros. \r\n\r\n## Mecanismos de participación ciudadana:\r\nEl siguiente mecanismo de participación ciudadana e institucional fue diseñado por la Coordinación Técnica Administrativa del Gabinete Nacional de Cambio Climático que depende de la Secretaría de Cambio Climático, Desarrollo Sostenible e Innovación, con el propósito de incluir las diversas sugerencias, comentarios y visiones de la sociedad civil en la política climática de la Argentina.\r\n\r\nEl mecanismo es abierto para todas las organizaciones de la sociedad civil, redes de organizaciones, federaciones, sindicatos, universidades y académicos/as, grupos temáticos y todas aquellas organizaciones de jóvenes que deseen brindar sus aportes al diseño de la política climática nacional coordinada a través del Gabinete.\r\n\r\n### Objetivo general\r\nEl objetivo de este mecanismo es generar un canal de participación abierto y constante entre el Gabinete Nacional de Cambio Climático y la sociedad civil, que permita dar a conocer sus visiones, comentarios, prioridades, sugerencias y aportes para el diseño y ejecución de las políticas de Estado.\r\n\r\n### Objetivos específicos\r\n* Generar un canal de participación e involucramiento de la sociedad civil en la política climática nacional.\r\n* Valorizar el rol de la sociedad civil en el diseño y ejecución de la política climática de la Argentina.\r\n* Incluir los aportes y consideraciones de los diversos grupos, sectores y actores en los proyectos, acciones, estrategias sectoriales y transversales que se impulsen desde el gobierno nacional respecto de la acción climática.\r\n* Institucionalizar un espacio de intercambio en el marco de la Ley n.° 27520 de Presupuestos Mínimos de Adaptación y Mitigación al Cambio Climático Global.\r\n\r\n## Proceso\r\n\r\n### Mesa Ampliada\r\nEl objetivo de estas mesas es promover el debate con todos los actores interesados (sector académico, de los trabajadores, sociedad civil, representantes de partidos políticos, sindicatos, municipios, comunidades indígenas, sector privado, entre otros) respecto a cómo las temáticas transversales pueden permear el diseño y ejecución del Plan Nacional de Adaptación y Mitigación al Cambio Climático. En este ámbito se informan las actividades a nivel nacional y subnacional. También se reciben insumos que luego se compartirán como avances y resultados de la elaboración e implementación del Plan Nacional de Adaptación y Mitigación al Cambio Climático\r\n\r\n### Informes de Gestión\r\nPresentación de tabla a resolver con Federico y  el equipo técnico\r\n\r\n\r\n  [1]: https://www.argentina.gob.ar/cofema", "post": 5, "date": "2024-12-19T11:51:00.876Z", "user": 1, "short": null}}, {"model": "main.postversion", "pk": 24, "fields": {"lang": "es", "title": "¿Qué esta haciendo el estado nacional?", "body": "#¿Qué esta haciendo el estado nacional?", "post": 4, "date": "2024-12-19T11:52:03.214Z", "user": 1, "short": null}}, {"model": "main.postversion", "pk": 25, "fields": {"lang": "es", "title": "¿Que es el SNICC?", "body": "#¿Que es el SNICC?\r\n\r\nEl Sistema Nacional de Información de Gestión Climática es una herramienta que nos permite conocer los avances de Argentina en materia de acción climática.  La información está organizada en base a tres pilares, mitigación, adaptación y pérdidas y daños. \r\n\r\nEste sistema responde a la Ley 27520 que en su  Art. 17 expresa: “Créase el Sistema Nacional de Información sobre Cambio Climático como instrumento para el diagnóstico y desarrollo de planes de respuesta al cambio climático en las diferentes jurisdicciones y para garantizar la robustez y transparencia del inventario nacional de gases de efecto invernadero y monitoreo de medidas de mitigación”", "post": 3, "date": "2024-12-19T11:52:38.504Z", "user": 1, "short": null}}, {"model": "main.postversion", "pk": 26, "fields": {"lang": "es", "title": "Gabinete Nacional de Cambio Climático", "body": "#Gabinete Nacional de Cambio Climático\r\n\r\nEn diciembre de 2019 se publicó la Ley n.° 27520 de Presupuestos Mínimos de Adaptación y Mitigación al Cambio Climático Global para garantizar acciones, instrumentos y estrategias adecuadas de mitigación y adaptación al cambio climático en todo el territorio nacional.\r\n\r\nPara alcanzar los objetivos establecidos, en el artículo 2 de dicha ley se crea el Gabinete Nacional de Cambio Climático (GNCC) que tiene como fin articular entre las distintas áreas de gobierno de la Administración Pública Nacional, el [Consejo Federal de Medio Ambiente][1] y distintos actores de la sociedad civil, el diseño de políticas públicas consensuadas, con una mirada estratégica para reducir las emisiones de Gases de Efecto Invernadero (GEI) y generar respuestas coordinadas para la adaptación de sectores vulnerables a los impactos del cambio climático. Como resultado de esta articulación, la ley establece que se desarrollará e implementará el Plan Nacional de Adaptación y Mitigación al Cambio Climático.\r\n\r\nAdemás, la Ley n.° 27520 establece la creación de un Consejo Asesor Externo integrado por investigadores e investigadoras, sindicatos, comunidades y pueblos indígenas, representantes de organizaciones ambientales, universidades, entidades académicas y empresariales, centros de investigación públicos y privados, y representantes de partidos políticos con representación parlamentaria, entre otros. Su función principal es garantizar la participación ciudadana para asistir y asesorar en la elaboración de las políticas públicas de cambio climático en todo el territorio nacional y priorizar las necesidades de los grupos sociales más vulnerables a los impactos climáticos.\r\n\r\nLa subsecretaría de ambiente, como autoridad de aplicación de la ley ha establecido cuatro instancias de trabajo que conforman el Gabinete Nacional de Cambio Climático:\r\n* Reuniones de Ministros\r\n* Mesas de Puntos Focales  \r\n* Mesas de Articulación Provincial\r\n* Mesas Ampliadas\r\n\r\n##Reunión de Ministros\r\nEsta instancia de trabajo se encuentra establecida en los artículos 7 y 8 de la Ley de Presupuestos Mínimos de Adaptación y Mitigación al Cambio Climático Global. Tiene como objetivo principal la definición de los lineamientos estratégicos de cambio climático, como así también la presentación, actualización y validación de actividades y resultados.\r\n\r\nEn esta Mesa se definen las acciones que desarrollará cada organismo nacional para elaborar e implementar el Plan Nacional de Adaptación y Mitigación del Cambio Climático. También se planifican la incorporación de acciones para la mitigación y adaptación al cambio climático en las planificaciones y estrategias de cada organismo.\r\n\r\nParticipan en esta instancia de trabajo el Jefe de Gabinete de Ministros y las máximas autoridades de las áreas de gobierno.\r\n\r\n\r\n##Mesas de Articulación Provincial\r\nEstas mesas tienen el objetivo de coordinar acciones entre Nación y las provincias, y retroalimentar el trabajo que se lleva a cabo en materia de adaptación y mitigación en cada jurisdicción. De esta manera, se aborda de forma conjunta, entre el Coordinador Técnico Administrativo, la Secretaría de Cambio Climático, Desarrollo Sostenible e Innovación, y la Comisión de Cambio Climático del Consejo Federal de Medio Ambiente, los planes de respuesta al cambio climático. \r\n\r\n##Mesas de Puntos Focales\r\nPara trabajar a nivel técnico en la elaboración, implementación y análisis de las medidas de adaptación y mitigación del Plan Nacional de Adaptación y Mitigación del Cambio Climático se convoca a las Mesas de Puntos Focales, integradas por aquellas personas designadas por las autoridades que formen parte de la Mesa de Ministros. \r\n\r\n##Mecanismos de participación ciudadana:\r\nEl siguiente mecanismo de participación ciudadana e institucional fue diseñado por la Coordinación Técnica Administrativa del Gabinete Nacional de Cambio Climático que depende de la Secretaría de Cambio Climático, Desarrollo Sostenible e Innovación, con el propósito de incluir las diversas sugerencias, comentarios y visiones de la sociedad civil en la política climática de la Argentina.\r\n\r\nEl mecanismo es abierto para todas las organizaciones de la sociedad civil, redes de organizaciones, federaciones, sindicatos, universidades y académicos/as, grupos temáticos y todas aquellas organizaciones de jóvenes que deseen brindar sus aportes al diseño de la política climática nacional coordinada a través del Gabinete.\r\n\r\n###Objetivo general\r\nEl objetivo de este mecanismo es generar un canal de participación abierto y constante entre el Gabinete Nacional de Cambio Climático y la sociedad civil, que permita dar a conocer sus visiones, comentarios, prioridades, sugerencias y aportes para el diseño y ejecución de las políticas de Estado.\r\n\r\n###Objetivos específicos\r\n* Generar un canal de participación e involucramiento de la sociedad civil en la política climática nacional.\r\n* Valorizar el rol de la sociedad civil en el diseño y ejecución de la política climática de la Argentina.\r\n* Incluir los aportes y consideraciones de los diversos grupos, sectores y actores en los proyectos, acciones, estrategias sectoriales y transversales que se impulsen desde el gobierno nacional respecto de la acción climática.\r\n* Institucionalizar un espacio de intercambio en el marco de la Ley n.° 27520 de Presupuestos Mínimos de Adaptación y Mitigación al Cambio Climático Global.\r\n\r\n##Proceso\r\n###Mesa Ampliada\r\nEl objetivo de estas mesas es promover el debate con todos los actores interesados (sector académico, de los trabajadores, sociedad civil, representantes de partidos políticos, sindicatos, municipios, comunidades indígenas, sector privado, entre otros) respecto a cómo las temáticas transversales pueden permear el diseño y ejecución del Plan Nacional de Adaptación y Mitigación al Cambio Climático. En este ámbito se informan las actividades a nivel nacional y subnacional. También se reciben insumos que luego se compartirán como avances y resultados de la elaboración e implementación del Plan Nacional de Adaptación y Mitigación al Cambio Climático\r\n\r\n###Informes de Gestión\r\nPresentación de tabla a resolver con Federico y  el equipo técnico\r\n\r\n\r\n  [1]: https://www.argentina.gob.ar/cofema", "post": 5, "date": "2024-12-19T11:55:41.384Z", "user": 1, "short": null}}, {"model": "main.postversion", "pk": 27, "fields": {"lang": "es", "title": "CMNUCC", "body": "#CMNUCC\r\n\r\nAdoptada en Río en junio de 1992 y ratificada por la Argentina a través de la Ley n.º 24295, la Convención Marco de Naciones Unidas sobre Cambio Climático (CMNUCC) define los esfuerzos intergubernamentales que deben alcanzarse con miras a abordar el desafío que plantea el cambio climático a nivel global. Sus objetivos consisten en estabilizar las concentraciones de gases de efecto invernadero en la atmósfera en un nivel que impida la interferencia antropógena con el sistema climático, con plazos suficientes para permitir la adaptación de los ecosistemas, asegurar que no existan amenazas para la producción de alimentos y permitir que el desarrollo económico se realice de manera sostenible. \r\n\r\nEl órgano supremo de toma de decisiones de la CMNUCC es la Conferencia de las Partes (COP, por sus siglas en inglés), en la cual se encuentran representados todos los Estados que ratificaron la Convención y en donde se reúne anualmente. En ella se examina la aplicación de la Convención y de cualquier otro instrumento jurídico que la COP adopte. Las Partes toman también las decisiones necesarias para promover su aplicación efectiva, incluidos los arreglos institucionales y administrativos.", "post": 7, "date": "2024-12-19T11:55:59.548Z", "user": 1, "short": null}}, {"model": "main.postversion", "pk": 28, "fields": {"lang": "es", "title": "Acuerdo de Paris", "body": "#Acuerdo de París\r\n\r\nEl 12 diciembre de 2015, en la COP21 de París, las Partes de la Convención Marco de las Naciones Unidas sobre el Cambio Climático lograron un pacto histórico en la lucha contra la alteración climática para acelerar e intensificar las acciones e inversiones destinadas a construir un futuro sostenible con bajas emisiones de carbono. Este acuerdo agrupa a todos los países en una causa común: realizar los esfuerzos necesarios para revertir el curso actual del calentamiento global.\r\n\r\nEl Acuerdo de París entró en vigor el 4 de noviembre de 2016. Los científicos, a través de los [reportes del IPCC][1], dejaron en claro que será necesario un gran cambio productivo y cultural para reducir el calentamiento global y evitar la ocurrencia de daños catastróficos e irreversibles. En esta línea, el [Acuerdo de París][2], en su artículo n° 2, hace un llamado para “mantener el aumento de la temperatura media mundial muy por debajo de 2°C con respecto a los niveles preindustriales, y proseguir los esfuerzos para limitar ese aumento de la temperatura a 1,5°C, reconociendo que ello reduciría considerablemente los riesgos y los efectos del cambio climático”.\r\n\r\nDebido a la urgencia por tomar acciones globales para enfrentar al cambio climático, todas las Partes deben hacer todo lo que esté a su alcance e informar periódicamente sobre sus emisiones, sus esfuerzos de aplicación y actualizar sus NDC. En este sentido, el artículo nº 4 del Acuerdo, invita también a “todas las Partes a esforzarse por formular y comunicar estrategias a largo plazo para un desarrollo con bajas emisiones de gases de efecto invernadero, tomando en consideración sus responsabilidades comunes pero diferenciadas y sus circunstancias nacionales”.\r\n\r\nArgentina ratificó el Acuerdo de París en el año 2016 a través de la Ley nº. 27270 y para cumplir con los compromisos asumidos presenta regularmente sus inventarios y sus Contribuciones Determinadas a Nivel Nacional.\r\n\r\n\r\n  [1]: https://www.ipcc.ch/site/assets/uploads/sites/2/2019/09/IPCC-Special-Report-1.5-SPM_es.pdf\r\n  [2]: https://unfccc.int/sites/default/files/spanish_paris_agreement.pdf", "post": 8, "date": "2024-12-19T11:56:15.720Z", "user": 1, "short": null}}, {"model": "main.postversion", "pk": 29, "fields": {"lang": "es", "title": "Marco internacional", "body": "#Marco internacional\r\n\r\nA partir de la adopción de la Convención Marco de Naciones Unidas sobre Cambio Climático (CMNUCC) en 1992 y del Acuerdo de París en 2015, se han desarrollado sucesivas reuniones a través de la Conferencia de las Partes (COP, por sus siglas en inglés), que es el órgano supremo de toma de decisiones de la Convención.\r\n\r\nEn la COP se establecen obligaciones y responsabilidades asumidas por los Estados que son parte de la CMNUCC. También se evalúan los efectos de las medidas adoptadas y los progresos realizados por las Partes. \r\n\r\nArgentina asumió diversos compromisos nacionales para el país, como la elaboración de reportes internacionales <**enlace a la sección de la web: Reportes Internacionales>** de información ante la Convención.", "post": 9, "date": "2024-12-19T11:56:24.597Z", "user": 1, "short": null}}, {"model": "main.postversion", "pk": 30, "fields": {"lang": "es", "title": "Contribución Determinada a Nivel Nacional", "body": "#Contribución Determinada a Nivel Nacional (NDC)\r\n\r\nLas Contribuciones Determinadas a Nivel Nacional (NDC, por su sigla en inglés) son los compromisos asumidos por los países que forman parte de la Convención Marco de las Naciones Unidas sobre el Cambio Climático (CMNUCC) y que deben llevar a cabo para intensificar sus acciones, ya sea para reducir las emisiones de Gases de Efecto Invernadero (GEI) (acciones de mitigación) o para adaptarse a los impactos producidos por ese fenómeno (acciones de adaptación). Las contribuciones de cada país son establecidas en función de sus circunstancias nacionales y sus respectivas capacidades.\r\n\r\nEl conjunto de las NDC presentadas por cada país debería contribuir con el cumplimiento de los objetivos del Acuerdo de París de “mantener el aumento de la temperatura media mundial muy por debajo de 2°C con respecto a los niveles preindustriales, y proseguir los esfuerzos para limitar ese aumento de la temperatura a 1,5°C con respecto a los niveles preindustriales”.\r\n\r\nEn este sentido, Argentina llevó adelante un proceso de revisión de su NDC que fue coordinada a través del Gabinete Nacional de Cambio Climático (GNCC), con una propuesta en la que participan todas las carteras de la Administración Pública Nacional, las jurisdicciones a través del Consejo Federal de Medio Ambiente (COFEMA) y todos los actores interesados y la sociedad civil.\r\n\r\nA continuación, ofrecemos para su descarga el documento de la [segunda NDC][1] presentada por Argentina.\r\n\r\n  [1]: https://www.google.com/url?q=https://www.argentina.gob.ar/ambiente/cambio-climatico/contribucion-nacional&sa=D&source=docs&ust=1734106672618184&usg=AOvVaw2wMIXPDbf72uZ-E8cDBwoQ", "post": 10, "date": "2024-12-19T11:56:33.979Z", "user": 1, "short": null}}, {"model": "main.postversion", "pk": 32, "fields": {"lang": "es", "title": "Sobre Adaptación", "body": "#Sobre Adaptación", "post": 12, "date": "2024-12-19T12:07:10.029Z", "user": 1, "short": null}}, {"model": "main.postversion", "pk": 33, "fields": {"lang": "es", "title": "Sobre Perdidas y daños", "body": "#Sobre Perdidas y daños", "post": 13, "date": "2024-12-19T12:07:28.845Z", "user": 1, "short": null}}, {"model": "main.postversion", "pk": 34, "fields": {"lang": "es", "title": "Gestión del impacto climático: un compromiso frente a la crisis global", "body": "Lorem ipsum dolor sit amet, consequat vehicula gravida id suspendisse, donec quis justo suscipit rutrum urna. Nec wisi lobortis aenean risus, in suscipit eget ut et in, dolor massa amet fermentum wisi, morbi habitant elit dis neque cursus. Felis aliquet duis nonummy lectus, ipsum ut erat tellus, vestibulum ac sagittis, at nulla wisi pede lacus. Aptent mauris lorem vel vel, in nesciunt non vivamus elit in, pharetra in velit, magna metus risus, praesent eu ipsam. Leo facilisi hendrerit semper cras lectus, commodo rhoncus, vitae vel natoque amet, nibh amet ac odio sit.\r\n\r\nMagna venenatis placerat vitae eu mauris aliquam, viverra ligula mauris nisl justo. Amet magna molestie fames volutpat nullam, euismod wisi aliquam et, vivamus habitant amet elit officiis at, etiam mauris et metus, suspendisse semper egestas venenatis gravida ut. Nullam quisque, facilisi id felis dui, vivamus neque nunc, cras vitae elit tristique cras, integer id curabitur eget molestie rhoncus a. Diam tempus sed sem ut pede, pharetra vehicula et mauris morbi, dictum pretium, ullamcorper in dolor nec velit vel non. Pede mollis sed in cras, integer ornare integer wisi, integer quam aenean sem, ullam tempor. Amet id dolor eius commodo curabitur eu, nec vitae maecenas aenean elit, nonummy wisi id sollicitudin incididunt praesent rutrum, orci vitae. Maecenas est pede doloremque vestibulum, ut magna sed, ut pretium ipsum eget cras, suscipit faucibus mollis aptent urna suspendisse, hendrerit totam pede adipiscing.\r\n\r\n### title\r\n\r\nSed interdum duis, diam a vestibulum, non donec velit nostra wisi, nunc duis dignissim ipsum blandit a, et laudantium. Enim voluptatem in ut blandit pulvinar justo, quis dolor mi ridiculus, pellentesque quis interdum wisi, lectus risus lorem mollis. Arcu arcu. Mauris leo eu aliquet nostra, tempor eu a tellus eu sed eget. Pharetra nulla, elit a, felis tempor aptent. Venenatis dictum cras non, libero arcu tincidunt, sem orci ornare dui vestibulum.\r\n\r\nNam class odio adipiscing fusce vestibulum sodales. Urna fusce nec gravida elit scelerisque, ut lacus consequuntur urna nec lectus, risus nullam augue gravida tempus, nulla congue taciti. Et amet. Dictumst curabitur et, a aliquam elementum tellus molestie mauris massa. Ligula quis imperdiet eget. Quis cursus, faucibus nulla aenean eros. Odio montes erat erat mus vitae lobortis, felis lectus sed tempor. A nullam sodales hac ut, elementum aliquet consequat tempor enim, amet vivamus ac erat aliquam integer, tortor mauris pede parturient aut hymenaeos dolor, primis at sit mi pretium euismod arcu. Nulla gravida vestibulum nulla urna tortor. Quis adipiscing mollis imperdiet lectus porta integer, cras turpis praesent eu suscipit quis.", "post": 14, "date": "2025-02-04T02:23:16.154Z", "user": 1, "short": null}}, {"model": "main.postversion", "pk": 35, "fields": {"lang": "gu", "title": "Translation example", "body": "### Translation in Guaraní\r\n\r\nLorem ipsum dolor sit amet, consequat vehicula gravida id suspendisse, donec quis justo suscipit rutrum urna. Nec wisi lobortis aenean risus, in suscipit eget ut et in, dolor massa amet fermentum wisi, morbi habitant elit dis neque cursus. Felis aliquet duis nonummy lectus, ipsum ut erat tellus, vestibulum ac sagittis, at nulla wisi pede lacus. Aptent mauris lorem vel vel, in nesciunt non vivamus elit in, pharetra in velit, magna metus risus, praesent eu ipsam. Leo facilisi hendrerit semper cras lectus, commodo rhoncus, vitae vel natoque amet, nibh amet ac odio sit.\r\n\r\nMagna venenatis placerat vitae eu mauris aliquam, viverra ligula mauris nisl justo. Amet magna molestie fames volutpat nullam, euismod wisi aliquam et, vivamus habitant amet elit officiis at, etiam mauris et metus, suspendisse semper egestas venenatis gravida ut. Nullam quisque, facilisi id felis dui, vivamus neque nunc, cras vitae elit tristique cras, integer id curabitur eget molestie rhoncus a. Diam tempus sed sem ut pede, pharetra vehicula et mauris morbi, dictum pretium, ullamcorper in dolor nec velit vel non. Pede mollis sed in cras, integer ornare integer wisi, integer quam aenean sem, ullam tempor. Amet id dolor eius commodo curabitur eu, nec vitae maecenas aenean elit, nonummy wisi id sollicitudin incididunt praesent rutrum, orci vitae. Maecenas est pede doloremque vestibulum, ut magna sed, ut pretium ipsum eget cras, suscipit faucibus mollis aptent urna suspendisse, hendrerit totam pede adipiscing.", "post": 14, "date": "2025-02-06T05:08:26.260Z", "user": 1, "short": null}}, {"model": "main.postversion", "pk": 36, "fields": {"lang": "es", "title": "Gestión del impacto climático: un compromiso frente a la crisis global", "body": "La gestión del impacto climático es un tema complejo y urgente que requiere un enfoque global y colaborativo.\r\n\r\n### Causas del cambio climático:\r\n\r\nEl cambio climático es causado principalmente por las actividades humanas que liberan gases de efecto invernadero a la atmósfera, como la quema de combustibles fósiles, la deforestación y la agricultura intensiva. Estos gases atrapan el calor del sol y elevan la temperatura del planeta.  \r\n\r\n### Impactos del cambio climático:\r\n\r\nEl cambio climático tiene una amplia gama de impactos negativos en el medio ambiente y la sociedad, como el aumento del nivel del mar, eventos climáticos extremos más frecuentes e intensos, sequías, inundaciones, olas de calor, pérdida de biodiversidad, escasez de agua y alimentos, y desplazamiento de poblaciones.\r\n\r\n### Medidas para mitigar el cambio climático:\r\n\r\nPara mitigar el cambio climático, es necesario reducir drásticamente las emisiones de gases de efecto invernadero. Esto se puede lograr mediante la transición a fuentes de energía renovables, la mejora de la eficiencia energética, la promoción de prácticas agrícolas sostenibles y la protección de los bosques.\r\n\r\n### Adaptación al cambio climático:\r\n\r\nAdemás de mitigar el cambio climático, es necesario adaptarse a sus impactos inevitables. Esto implica tomar medidas para proteger a las comunidades y los ecosistemas vulnerables, como la construcción de infraestructuras resistentes al clima, la gestión sostenible de los recursos hídricos y la promoción de prácticas agrícolas adaptadas al cambio climático.\r\n\r\n### El papel de los diferentes actores:\r\n\r\nLa gestión del impacto climático requiere la participación de todos los actores, incluyendo los gobiernos, las empresas, la sociedad civil y los individuos. Los gobiernos deben establecer políticas ambiciosas y crear marcos regulatorios que fomenten la reducción de emisiones y la adaptación al cambio climático. Las empresas deben adoptar prácticas sostenibles y invertir en tecnologías limpias. La sociedad civil juega un papel fundamental en la sensibilización y la movilización de la acción climática. Y los individuos pueden contribuir reduciendo su huella de carbono y adoptando estilos de vida más sostenibles.", "post": 14, "date": "2025-02-06T05:10:38.918Z", "user": 1, "short": null}}, {"model": "main.postversion", "pk": 37, "fields": {"lang": "gu", "title": "Gestión impacto climático rehegua: peteĩ compromiso crisis mundial rehegua", "body": "Gestión impacto climático ha'e peteî tema complejo ha urgente oikotevêva enfoque global ha colaborativo.\r\n### Umi mba’e omoñepyrũva cambio climático:\r\n\r\nPe cambio climático oikove yvypóra rembiapo rupive omosãsóva gases de efecto invernadero atmósfera-pe, ha'eháicha combustible fósil jehapy, ka'aguy ñembyai ha agricultura intensiva. Ko'ã gas oity haku kuarahygui ha ohupi temperatura planeta-pe.\r\n### Umi mba’e vai oguerúva cambio climático rehegua:\r\n\r\nPe cambio climático oguereko heta mba’e vai tekoha ha sociedad-pe, umíva apytépe ojupi yguasu nivel, py’ỹive ha mbaretevéva umi mba’e ojehúva extremo climático, séka, inundación, ola de calor, pérdida de biodiversidad, escasez de agua ha alimento, ha desplazamiento población.\r\n### Umi mba’e ojejapóva oñemboguejy haguã cambio climático: 1.1.\r\n\r\nOñemboguejy haguã cambio climático, tekotevê oñemboguejy tuichaiterei umi emisión gases de efecto invernadero. Péva ikatu ojehupyty oñembohasávo fuente de energía renovable, omohenda porãvo eficiencia energética, omokyre'ÿvo práctica agrícola sostenible ha oñangarekóvo ka'aguy rehe.\r\nOjeadapta haguã cambio climático rehe:\r\n\r\nOñemomichîvo cambio climático, tekotevê ojeadapta umi impacto inevitable orekóva. Péva oike omotenondévo medida oñangarekóvo comunidad ha ecosistema vulnerable, ha'eháicha omopu'ãvo infraestructura resistente clima, gestión sostenible recurso hídrico ha omokyre'ÿva práctica agrícola inteligente climática.\r\n### Pe rol oguerekóva opaichagua actor: .\r\n\r\nGestión de impacto climático oikotevê participación opavave actor, oimehápe gobierno, empresa, sociedad civil ha tapicha. Umi gobierno omoîva'erã política ambiciosa ha omoheñóiva marco regulatorio omokyre'ÿva reducción emisiones ha adaptación cambio climático-pe. Umi empresa oadopta va'erã práctica sostenible ha oinverti tecnología ipotîvape. Sociedad civil oreko peteî rol clave omokyre'ÿvo concienciación ha omokyre'ÿvo acción climática. Ha umi tapicha ikatu oipytyvõ omboguejývo huella de carbono ha oadopta estilo de vida sostenible-ve.", "post": 14, "date": "2025-02-06T05:11:50.597Z", "user": 1, "short": null}}, {"model": "main.postversion", "pk": 38, "fields": {"lang": "qu", "title": "Gestión de impacto climático: pachantinpi sasachakuywan rimanakuy", "body": "Gestión de impactos climáticos nisqa sasachakuymi, chaymi urgente nisqa, chaymi necesitakun huk enfoque global hinallataq colaborativo nisqa.\r\n###Tiempo tikraypa imarayku:\r\n\r\nTiempoqa tikrayqa aswantaqa runapa ruwayninkunam, chaymi gases invernadero nisqakunata wayra pachaman lluqsichin, ahinataq combustible fósil nisqakunata ruphachiy, sachakunata kuchuy, sinchi chakra llamkay ima. Chay gaskunaqa intimanta ruphaytam hap'in, chaymantataqmi planetap q'uñiyninta wicharichin.\r\n###Tiempo tikraypa impaktunkuna: \r\n\r\nTiempoqa tikrayqa pachamamapi, llaqtapipas achka mana allinkunatam ruwan, chaymantam lamar quchapa patan wicharisqan, aswan sapa kuti hinaspa sinchi sinchi pachakuna, ch’akiy, yaku huntaykuna, ruphaypa olakuna, biodiversidad nisqa chinkaynin, yakupas, mikuypas pisiyaynin, chaynallataq runakunapa huklawman astakuyninpas.\r\n###Pacha tikrayta pisiyachinapaq ruwaykuna: \r\n\r\nTiempo tikrayta pisiyachinapaqqa, gases de efecto invernadero nisqakunam anchata pisiyachina. Chaytaqa ruwakunmanmi mosoqyachikuq kallpakunaman t’ikrakuspa, allinta kallpata allinta purichispa, wiñaypaq chakra llank’aykunata kallpachaspa, sach’a-sach’akunata amachaspa ima.\r\n###Pacha tikrayman allinchakuy: \r\n\r\nCambio climático nisqa pisiyachiymanta hawaqa, mana qispiy atina impactos nisqaman hinam allinta tupana. Chaypaqmi ruwaykunata ruwana, mana allin qhawarisqa llaqtakunata, ecosistema nisqakunatapas amachanapaq, imaynan infraestructuras climáticas resilientes nisqakunata hatarichiy, yakupa recursonkunata allinta kamachina, chaynallataqmi pachaman hina yachaysapa chakra llamkaykunata kallpanchana.\r\n###Chikan chikan rurakkunapak ruray:\r\n\r\nGestión de impacto climático nisqapiqa llapa ruwaqkuna participananku, chaypin kashanku gobiernokuna, empresakuna, sociedad civil nisqakuna, sapan runakunapas. Gobiernokunan churananku políticas ambiciosas nisqakunata, hinallataqmi ruwananku marcos regulatorios nisqakunata, chaykunan kallpachanan emisiones nisqakuna pisiyachiyta, hinallataq cambio climático nisqaman adaptacionta ima. Empresakunan wiñaypaq ruwaykunata hap’inanku, ch’uya tecnologiakunapi qolqe churananku ima. Sociedad civil nisqa hatun ruwaytan ruwan, concienciachiypi, acción climática nisqa movilizacionpipas. Hinaspapas sapan runakunan yanapakunkuman carbono nisqamanta pisiyachispa, aswan wiñaypaq kawsaykunata hap’ispa.", "post": 14, "date": "2025-02-06T05:13:13.661Z", "user": 1, "short": null}}, {"model": "main.postversion", "pk": 39, "fields": {"lang": "es", "title": "Gestión climática", "body": "", "post": 15, "date": "2025-02-07T05:00:53.945Z", "user": 1, "short": ""}}, {"model": "main.postversion", "pk": 40, "fields": {"lang": "es", "title": "¿Qué es el cambio climático?", "body": "El cambio climático se refiere a una variación significativa en los componentes del clima cuando se comparan períodos prolongados, pudiendo ser décadas o más. Por ejemplo, la temperatura media de la década del 50 con respecto a la temperatura media de la década del 90.\r\n\r\nEl clima de la Tierra ha variado muchas veces a lo largo de su historia debido a cambios naturales, como las erupciones volcánicas, los cambios en la órbita de traslación de la tierra, las variaciones en la composición de la atmósfera, entre otros.\r\n\r\nPero, desde los últimos años del siglo XIX, la temperatura media de la superficie terrestre ha aumentado más de 0,6 ºC. Este aumento está vinculado al proceso de industrialización iniciado hace más de un siglo y, en particular, a la combustión de cantidades cada vez mayores de petróleo y carbón, la tala de bosques y algunos métodos de explotación agrícola.\r\n\r\nUn informe del Panel Intergubernamental de Cambio Climático (IPCC) afirma que “el calentamiento desde los niveles preindustriales hasta la década 2006-2015 se estima en 0,87 °C” (IPCC, 2018:51).  \r\n\r\n![enter image description here][1]\r\n\r\nLos Gases de Efecto Invernadero (GEI), entre los que se encuentran el dióxido de carbono (CO2), el óxido nitroso (NO2) y el metano (CH4), tienen la propiedad de absorber y reemitir la radiación infrarroja que la Tierra recibe del sol. Gracias a ellos, ocurre un fenómeno conocido como efecto invernadero natural, que permite que la Tierra mantenga una temperatura promedio 15 ºC. Si no existiera este efecto, la temperatura promedio sería de \\-18 ºC.\r\n\r\nSi bien algunos de estos gases se encuentran naturalmente en la atmósfera, otros son producidos por el ser humano (de origen antrópico) como resultado de actividades vinculadas a la generación de energía, el transporte, el uso del suelo, la industria, el manejo de los residuos, etc. La acumulación de estos gases en la atmósfera potencia el efecto invernadero natural y esto se traduce en aumento de la temperatura del planeta.\r\n\r\nDe acuerdo con el último inventario de Gases de Efecto Invernadero de la Argentina, el 53 % de las emisiones del país están vinculadas al sector energético; el 37 % agricultura, ganadería y silvicultura y otros usos de la tierra; el 6 % a la industria y el 4 % restante a los residuos..\r\n\r\nLos impactos que hoy sufre el planeta obligan a tomar medidas inmediatas que implican grandes esfuerzos económicos. En general, son los países que aún no han alcanzado su pleno desarrollo quienes sufren con mayor gravedad este fenómeno, a pesar de no ser los principales causantes. En este sentido, el cambio climático incrementa las desigualdades ya existentes entre los diferentes países, pudiendo generar un nuevo obstáculo al desarrollo sostenible de los países.\r\n\r\nLos científicos dejan claro que será necesario un gran cambio institucional y tecnológico para que el calentamiento global no supere los 2 ºC promedio sobre la superficie del planeta y para que exista una mayor probabilidad de evitar la ocurrencia de daños catastróficos e irreversibles.\r\n\r\nEntre las principales consecuencias del cambio climático se destacan:\r\n\r\n* El cambio de circulación de los océanos.  \r\n* El aumento o disminución de las precipitaciones (según la zona geográfica).  \r\n* El aumento del nivel del mar.  \r\n* El retroceso de los glaciares.  \r\n* El aumento de los eventos climáticos extremos.  \r\n* El aumento de las olas de calor y frío.  \r\n* El aumento de las migraciones forzadas (tanto por emergencias causadas por catástrofes, como por trabajo).\r\n\r\n\r\nInforme país: la situación del Cambio Climático en Argentina  \r\nLa República Argentina ha asumido compromisos ante la comunidad internacional que se han ratificado con la firma del Acuerdo de París mediante la Ley 27270 y su promulgación en septiembre de 2016\\. Dichos compromisos reflejan un hito que ha entrado en vigencia en noviembre de 2016\\. Significan un aporte significativo en la agenda de cambio climático.\r\n\r\nLas Contribuciones Determinadas a Nivel Nacional (NDC, por sus siglas en inglés) son las acciones que todos los países que forman parte de la Convención Marco sobre Cambio Climático de las Naciones Unidas (CMNUCC) deben llevar a cabo para intensificar sus acciones contra el cambio climático, ya sea para reducir las emisiones de Gases de Efecto Invernadero (GEI) —acciones de mitigación— o para adaptarse a los impactos producidos por ese fenómeno —acciones de adaptación—. Nuestro país ha llevado adelante un proceso de revisión de nuestras Contribuciones que ha sido coordinado interministerialmente a través del Gabinete Nacional de Cambio Climático (GNCC), con una estrategia participativa de los distintos sectores de la comunidad en el ámbito del Gabinete ampliado, e interjurisdiccional, a través del Consejo Federal de Medio Ambiente (COFEMA). El Objetivo de Desarrollo Sostenible 13 de Acción por el Clima nos llama a adoptar medidas urgentes para combatir el cambio climático y sus efectos.\r\n\r\nEl Inventario Nacional de GEI contabiliza los gases emitidos y absorbidos de la atmósfera durante un año calendario para el territorio argentino. Nos permite ver el estado de situación para poder mejorar nuestro comportamiento y planificar nuevos compromisos de mitigación bajo un marco de transparencia, a fin de contribuir y reforzar la respuesta mundial para mantener el aumento de la temperatura media mundial muy por debajo de 2º C y proseguir los esfuerzos para limitar ese aumento a 1,5º C con respecto a los niveles preindustriales.\r\n\r\nLas Comunicaciones Nacionales son parte de las obligaciones asumidas con la Convención Marco de Naciones Unidas sobre el Cambio Climático , y teniendo en cuenta las responsabilidades comunes pero diferenciadas, el gobierno de la República Argentina debe elaborar, actualizar, publicar y facilitar a la Conferencia de las Partes, inventarios nacionales de las emisiones antropogénicas por las fuentes y de la absorción por los sumideros de todos los gases de efecto invernadero no controlados por el Protocolo de Montreal (OZONO). Asimismo, en el marco de las Comunicaciones Nacionales, además del Inventario de Gases, se elaboraron distintos estudios sobre la vulnerabilidad al cambio climático en diferentes regiones del país y estudios sobre la mitigación de las emisiones de gases de efecto invernadero en distintos sectores emisores.\r\n\r\nEste relevamiento estadístico y la generación de herramientas resultan vitales para poder generar mejores decisiones tanto en el ámbito público, como en el privado.\r\n\r\n# Gabinete Nacional de Cambio Climático\r\n\r\nEn diciembre de 2019 se publicó la Ley n.° 27520 de Presupuestos Mínimos de Adaptación y Mitigación al Cambio Climático Global para garantizar acciones, instrumentos y estrategias adecuadas de mitigación y adaptación al cambio climático en todo el territorio nacional.\r\n\r\nPara alcanzar los objetivos establecidos, en el artículo 2 de dicha ley se crea el Gabinete Nacional de Cambio Climático (GNCC) que tiene como fin articular entre las distintas áreas de gobierno de la Administración Pública Nacional, el [Consejo Federal de Medio Ambiente](https://www.argentina.gob.ar/cofema) y distintos actores de la sociedad civil, el diseño de políticas públicas consensuadas, con una mirada estratégica para reducir las emisiones de Gases de Efecto Invernadero (GEI) y generar respuestas coordinadas para la adaptación de sectores vulnerables a los impactos del cambio climático. Como resultado de esta articulación, la ley establece que se desarrollará e implementará el Plan Nacional de Adaptación y Mitigación al Cambio Climático.\r\n\r\nAdemás, la Ley n.° 27520 establece la creación de un Consejo Asesor Externo integrado por investigadores e investigadoras, sindicatos, comunidades y pueblos indígenas, representantes de organizaciones ambientales, universidades, entidades académicas y empresariales, centros de investigación públicos y privados, y representantes de partidos políticos con representación parlamentaria, entre otros. Su función principal es garantizar la participación ciudadana para asistir y asesorar en la elaboración de las políticas públicas de cambio climático en todo el territorio nacional y priorizar las necesidades de los grupos sociales más vulnerables a los impactos climáticos.\r\n\r\nEl Ministerio de Ambiente y Desarrollo Sostenible, como autoridad de aplicación de la ley ha establecido cuatro instancias de trabajo que conforman el Gabinete Nacional de Cambio Climático:\r\n\r\n* Reuniones de Ministros  \r\n* Mesas de Puntos Focales  \r\n* Mesas de Articulación Provincial  \r\n* Mesas Ampliadas\r\n\r\nAdaptación climática  \r\nLa adaptación climática consiste en llevar adelante políticas, medidas y acciones que tiendan a minimizar los impactos del clima.  \r\nEs una estrategia de gestión que se trabaja conjuntamente con las estrategias de mitigación. Por ende, es clave en la gestión del impacto climático ya que apunta a dar respuesta y atender en forma directa los impactos locales sobre los sectores más vulnerables de nuestra sociedad y sobre los sistemas productivos.\r\n\r\nEn este sentido, las medidas de adaptación apuntan a trabajar sobre las consecuencias climáticas, al reducir la vulnerabilidad de cada sector, y por consiguiente reduciendo el riesgo.\r\n\r\nNuestro objetivo desde la Subsecretaría de Ambiente es identificar claramente cuáles son los sectores, sistemas económico-sociales y/o regiones geográficas que presentan un mayor grado de vulnerabilidad frente a los impactos climáticos, identificar las medidas de adaptación prioritarias e implementarlas de forma coordinada con los actores locales y es allí donde se priorizarán las medidas de adaptación que trabajamos en el marco del Plan Nacional de Adaptación.\r\n\r\nSistema de Mapas de Riesgo  \r\nCon el Sistema de Mapas de Riesgo del Cambio Climático (SIMARCC) podemos visualizar dónde se encuentran las zonas y poblaciones más vulnerables a las amenazas climáticas. Esta herramienta permite a los tomadores de decisión sumar esfuerzos y tomar medidas para trabajar en pos de reducir la vulnerabilidad.\r\n\r\nSabemos que es importante que nuestras comunidades comiencen a trabajar en planes locales de adaptación. Por ello, desarrollamos un tutorial que los ayude en ese proceso volcando en él los puntos fundamentales para abordar la temática de la adaptación.\r\n\r\nTrabajamos en mejorar la información existente generando estudios que nos brinden herramientas para poder abordar mejor las temáticas de salud, áreas urbanas y recursos hídricos. Estos estudios contribuirán a los procesos de planificación e implementación de medidas y políticas de adaptación al nivel nacional, provincial y local.\r\n\r\nEl IPCC define “Adaptación” como el ajuste en los sistemas naturales y humanos como respuesta a los estímulos climáticos reales o previstos o a sus efectos, que mitigan daños o se aprovechan de oportunidades beneficiosas.\r\n\r\nTrabajar y diseñar políticas en adaptación implica un compromiso a largo plazo continuo y pujante que nos encamina a reducir la vulnerabilidad actual y futura. Por lo tanto, éstas deben estar ligadas a las metas de reducción de la pobreza y las estrategias de crecimiento bajo en carbono.\r\n\r\nEn la historia de la humanidad la adaptación no es algo nuevo, ya que siempre nos hemos adaptado a un clima y ambiente en constante cambio. Sin embargo, el desafío actual es lograrlo en un contexto de aceleramiento del cambio como consecuencia de la actividad humana, Pero es importante enfrentar este desafío a una mayor velocidad de acción con políticas y decisiones ambientales que cuiden y protejan con el objetivo de cuidar nuestra casa común y a todos lo que vivimos en ella.\r\n\r\n\r\n  [1]: /media/pagedown-uploads/image1.png", "post": 16, "date": "2025-02-07T05:05:59.919Z", "user": 1, "short": "El cambio climático se refiere a una variación significativa en los componentes del clima cuando se comparan períodos prolongados, pudiendo ser décadas o más."}}, {"model": "main.postversion", "pk": 41, "fields": {"lang": "es", "title": "¿Qué es el cambio climático?", "body": "El cambio climático se refiere a una variación significativa en los componentes del clima cuando se comparan períodos prolongados, pudiendo ser décadas o más. Por ejemplo, la temperatura media de la década del 50 con respecto a la temperatura media de la década del 90.\r\n\r\nEl clima de la Tierra ha variado muchas veces a lo largo de su historia debido a cambios naturales, como las erupciones volcánicas, los cambios en la órbita de traslación de la tierra, las variaciones en la composición de la atmósfera, entre otros.\r\n\r\nPero, desde los últimos años del siglo XIX, la temperatura media de la superficie terrestre ha aumentado más de 0,6 ºC. Este aumento está vinculado al proceso de industrialización iniciado hace más de un siglo y, en particular, a la combustión de cantidades cada vez mayores de petróleo y carbón, la tala de bosques y algunos métodos de explotación agrícola.\r\n\r\nUn informe del Panel Intergubernamental de Cambio Climático (IPCC) afirma que “el calentamiento desde los niveles preindustriales hasta la década 2006-2015 se estima en 0,87 °C” (IPCC, 2018:51).  \r\n\r\n![enter image description here][1]\r\n\r\nLos Gases de Efecto Invernadero (GEI), entre los que se encuentran el dióxido de carbono (CO2), el óxido nitroso (NO2) y el metano (CH4), tienen la propiedad de absorber y reemitir la radiación infrarroja que la Tierra recibe del sol. Gracias a ellos, ocurre un fenómeno conocido como efecto invernadero natural, que permite que la Tierra mantenga una temperatura promedio 15 ºC. Si no existiera este efecto, la temperatura promedio sería de \\-18 ºC.\r\n\r\nSi bien algunos de estos gases se encuentran naturalmente en la atmósfera, otros son producidos por el ser humano (de origen antrópico) como resultado de actividades vinculadas a la generación de energía, el transporte, el uso del suelo, la industria, el manejo de los residuos, etc. La acumulación de estos gases en la atmósfera potencia el efecto invernadero natural y esto se traduce en aumento de la temperatura del planeta.\r\n\r\nDe acuerdo con el último inventario de Gases de Efecto Invernadero de la Argentina, el 53 % de las emisiones del país están vinculadas al sector energético; el 37 % agricultura, ganadería y silvicultura y otros usos de la tierra; el 6 % a la industria y el 4 % restante a los residuos..\r\n\r\nLos impactos que hoy sufre el planeta obligan a tomar medidas inmediatas que implican grandes esfuerzos económicos. En general, son los países que aún no han alcanzado su pleno desarrollo quienes sufren con mayor gravedad este fenómeno, a pesar de no ser los principales causantes. En este sentido, el cambio climático incrementa las desigualdades ya existentes entre los diferentes países, pudiendo generar un nuevo obstáculo al desarrollo sostenible de los países.\r\n\r\nLos científicos dejan claro que será necesario un gran cambio institucional y tecnológico para que el calentamiento global no supere los 2 ºC promedio sobre la superficie del planeta y para que exista una mayor probabilidad de evitar la ocurrencia de daños catastróficos e irreversibles.\r\n\r\nEntre las principales consecuencias del cambio climático se destacan:\r\n\r\n* El cambio de circulación de los océanos.  \r\n* El aumento o disminución de las precipitaciones (según la zona geográfica).  \r\n* El aumento del nivel del mar.  \r\n* El retroceso de los glaciares.  \r\n* El aumento de los eventos climáticos extremos.  \r\n* El aumento de las olas de calor y frío.  \r\n* El aumento de las migraciones forzadas (tanto por emergencias causadas por catástrofes, como por trabajo).\r\n\r\n\r\n# Informe país: la situación del Cambio Climático en Argentina  \r\nLa República Argentina ha asumido compromisos ante la comunidad internacional que se han ratificado con la firma del Acuerdo de París mediante la Ley 27270 y su promulgación en septiembre de 2016\\. Dichos compromisos reflejan un hito que ha entrado en vigencia en noviembre de 2016\\. Significan un aporte significativo en la agenda de cambio climático.\r\n\r\nLas Contribuciones Determinadas a Nivel Nacional (NDC, por sus siglas en inglés) son las acciones que todos los países que forman parte de la Convención Marco sobre Cambio Climático de las Naciones Unidas (CMNUCC) deben llevar a cabo para intensificar sus acciones contra el cambio climático, ya sea para reducir las emisiones de Gases de Efecto Invernadero (GEI) —acciones de mitigación— o para adaptarse a los impactos producidos por ese fenómeno —acciones de adaptación—. Nuestro país ha llevado adelante un proceso de revisión de nuestras Contribuciones que ha sido coordinado interministerialmente a través del Gabinete Nacional de Cambio Climático (GNCC), con una estrategia participativa de los distintos sectores de la comunidad en el ámbito del Gabinete ampliado, e interjurisdiccional, a través del Consejo Federal de Medio Ambiente (COFEMA). El Objetivo de Desarrollo Sostenible 13 de Acción por el Clima nos llama a adoptar medidas urgentes para combatir el cambio climático y sus efectos.\r\n\r\nEl Inventario Nacional de GEI contabiliza los gases emitidos y absorbidos de la atmósfera durante un año calendario para el territorio argentino. Nos permite ver el estado de situación para poder mejorar nuestro comportamiento y planificar nuevos compromisos de mitigación bajo un marco de transparencia, a fin de contribuir y reforzar la respuesta mundial para mantener el aumento de la temperatura media mundial muy por debajo de 2º C y proseguir los esfuerzos para limitar ese aumento a 1,5º C con respecto a los niveles preindustriales.\r\n\r\nLas Comunicaciones Nacionales son parte de las obligaciones asumidas con la Convención Marco de Naciones Unidas sobre el Cambio Climático , y teniendo en cuenta las responsabilidades comunes pero diferenciadas, el gobierno de la República Argentina debe elaborar, actualizar, publicar y facilitar a la Conferencia de las Partes, inventarios nacionales de las emisiones antropogénicas por las fuentes y de la absorción por los sumideros de todos los gases de efecto invernadero no controlados por el Protocolo de Montreal (OZONO). Asimismo, en el marco de las Comunicaciones Nacionales, además del Inventario de Gases, se elaboraron distintos estudios sobre la vulnerabilidad al cambio climático en diferentes regiones del país y estudios sobre la mitigación de las emisiones de gases de efecto invernadero en distintos sectores emisores.\r\n\r\nEste relevamiento estadístico y la generación de herramientas resultan vitales para poder generar mejores decisiones tanto en el ámbito público, como en el privado.\r\n\r\n# Gabinete Nacional de Cambio Climático\r\n\r\nEn diciembre de 2019 se publicó la Ley n.° 27520 de Presupuestos Mínimos de Adaptación y Mitigación al Cambio Climático Global para garantizar acciones, instrumentos y estrategias adecuadas de mitigación y adaptación al cambio climático en todo el territorio nacional.\r\n\r\nPara alcanzar los objetivos establecidos, en el artículo 2 de dicha ley se crea el Gabinete Nacional de Cambio Climático (GNCC) que tiene como fin articular entre las distintas áreas de gobierno de la Administración Pública Nacional, el [Consejo Federal de Medio Ambiente](https://www.argentina.gob.ar/cofema) y distintos actores de la sociedad civil, el diseño de políticas públicas consensuadas, con una mirada estratégica para reducir las emisiones de Gases de Efecto Invernadero (GEI) y generar respuestas coordinadas para la adaptación de sectores vulnerables a los impactos del cambio climático. Como resultado de esta articulación, la ley establece que se desarrollará e implementará el Plan Nacional de Adaptación y Mitigación al Cambio Climático.\r\n\r\nAdemás, la Ley n.° 27520 establece la creación de un Consejo Asesor Externo integrado por investigadores e investigadoras, sindicatos, comunidades y pueblos indígenas, representantes de organizaciones ambientales, universidades, entidades académicas y empresariales, centros de investigación públicos y privados, y representantes de partidos políticos con representación parlamentaria, entre otros. Su función principal es garantizar la participación ciudadana para asistir y asesorar en la elaboración de las políticas públicas de cambio climático en todo el territorio nacional y priorizar las necesidades de los grupos sociales más vulnerables a los impactos climáticos.\r\n\r\nEl Ministerio de Ambiente y Desarrollo Sostenible, como autoridad de aplicación de la ley ha establecido cuatro instancias de trabajo que conforman el Gabinete Nacional de Cambio Climático:\r\n\r\n* Reuniones de Ministros  \r\n* Mesas de Puntos Focales  \r\n* Mesas de Articulación Provincial  \r\n* Mesas Ampliadas\r\n\r\n# Adaptación climática  \r\nLa adaptación climática consiste en llevar adelante políticas, medidas y acciones que tiendan a minimizar los impactos del clima.  \r\nEs una estrategia de gestión que se trabaja conjuntamente con las estrategias de mitigación. Por ende, es clave en la gestión del impacto climático ya que apunta a dar respuesta y atender en forma directa los impactos locales sobre los sectores más vulnerables de nuestra sociedad y sobre los sistemas productivos.\r\n\r\nEn este sentido, las medidas de adaptación apuntan a trabajar sobre las consecuencias climáticas, al reducir la vulnerabilidad de cada sector, y por consiguiente reduciendo el riesgo.\r\n\r\nNuestro objetivo desde la Subsecretaría de Ambiente es identificar claramente cuáles son los sectores, sistemas económico-sociales y/o regiones geográficas que presentan un mayor grado de vulnerabilidad frente a los impactos climáticos, identificar las medidas de adaptación prioritarias e implementarlas de forma coordinada con los actores locales y es allí donde se priorizarán las medidas de adaptación que trabajamos en el marco del Plan Nacional de Adaptación.\r\n\r\n# Sistema de Mapas de Riesgo  \r\nCon el Sistema de Mapas de Riesgo del Cambio Climático (SIMARCC) podemos visualizar dónde se encuentran las zonas y poblaciones más vulnerables a las amenazas climáticas. Esta herramienta permite a los tomadores de decisión sumar esfuerzos y tomar medidas para trabajar en pos de reducir la vulnerabilidad.\r\n\r\nSabemos que es importante que nuestras comunidades comiencen a trabajar en planes locales de adaptación. Por ello, desarrollamos un tutorial que los ayude en ese proceso volcando en él los puntos fundamentales para abordar la temática de la adaptación.\r\n\r\nTrabajamos en mejorar la información existente generando estudios que nos brinden herramientas para poder abordar mejor las temáticas de salud, áreas urbanas y recursos hídricos. Estos estudios contribuirán a los procesos de planificación e implementación de medidas y políticas de adaptación al nivel nacional, provincial y local.\r\n\r\nEl IPCC define “Adaptación” como el ajuste en los sistemas naturales y humanos como respuesta a los estímulos climáticos reales o previstos o a sus efectos, que mitigan daños o se aprovechan de oportunidades beneficiosas.\r\n\r\nTrabajar y diseñar políticas en adaptación implica un compromiso a largo plazo continuo y pujante que nos encamina a reducir la vulnerabilidad actual y futura. Por lo tanto, éstas deben estar ligadas a las metas de reducción de la pobreza y las estrategias de crecimiento bajo en carbono.\r\n\r\nEn la historia de la humanidad la adaptación no es algo nuevo, ya que siempre nos hemos adaptado a un clima y ambiente en constante cambio. Sin embargo, el desafío actual es lograrlo en un contexto de aceleramiento del cambio como consecuencia de la actividad humana, Pero es importante enfrentar este desafío a una mayor velocidad de acción con políticas y decisiones ambientales que cuiden y protejan con el objetivo de cuidar nuestra casa común y a todos lo que vivimos en ella.\r\n\r\n\r\n  [1]: /media/pagedown-uploads/image1.png", "post": 16, "date": "2025-02-07T05:07:40.550Z", "user": 1, "short": "El cambio climático se refiere a una variación significativa en los componentes del clima cuando se comparan períodos prolongados, pudiendo ser décadas o más."}}, {"model": "main.postversion", "pk": 42, "fields": {"lang": "es", "title": "¿Qué está haciendo el estado nacional?", "body": "", "post": 17, "date": "2025-02-07T05:12:43.389Z", "user": 1, "short": ""}}, {"model": "main.postversion", "pk": 43, "fields": {"lang": "es", "title": "Marco Nacional", "body": "", "post": 6, "date": "2025-02-07T05:14:20.885Z", "user": 1, "short": ""}}, {"model": "main.postversion", "pk": 44, "fields": {"lang": "es", "title": "Marco internacional", "body": "A partir de la adopción de la Convención Marco de Naciones Unidas sobre Cambio Climático (CMNUCC) en 1992, se han desarrollado sucesivas reuniones a través de la Conferencia de las Partes (COP, por sus siglas en inglés), que es el órgano principal de toma de decisiones de la Convención. En este contexto, se alcanzó un gran avance con la firma del Acuerdo de París, uno de los logros más importantes en el año 2015\\.\r\n\r\nEn estas reuniones, los Estados parte establecen compromisos, responsabilidades y evalúan el progreso de las medidas adoptadas. \r\n\r\nArgentina asumió diversos compromisos nacionales para el país, como la elaboración de reportes internacionales ante la Convención.\r\n\r\n# CMNUCC\r\nLa Convención Marco de Naciones Unidas sobre Cambio Climático (CMNUCC), adoptada en Río en junio de 1992 y ratificada por Argentina mediante la Ley n.º 24.295, establece los esfuerzos intergubernamentales para abordar el cambio climático global.   \r\nEs el órgano supremo de toma de decisiones de la CMNUCC es la Conferencia de las Partes (COP, por sus siglas en inglés), en la cual se encuentran representados todos los Estados que ratificaron la Convención y en donde se reúne anualmente. En ella se examina la aplicación de la Convención y de cualquier otro instrumento jurídico que la COP adopte. Las Partes toman también las decisiones necesarias para promover su aplicación efectiva, incluidos los arreglos institucionales y administrativos. \r\n\r\nAcuerdo de París\r\n\r\nEl 12 de diciembre de 2015, durante la COP21 en París, las Partes de la Convención Marco de las Naciones Unidas sobre el Cambio Climático acordaron un pacto histórico para combatir el cambio climático y promover un futuro sostenible con bajas emisiones de carbono. El Acuerdo de París, vigente desde el 4 de noviembre de 2016, busca limitar el aumento de la temperatura global por debajo de 2°C, con esfuerzos para reducirlo a 1,5°C. Los científicos, a través de los [reportes del IPCC](https://www.ipcc.ch/site/assets/uploads/sites/2/2019/09/IPCC-Special-Report-1.5-SPM_es.pdf), dejaron en claro que será necesario un gran cambio productivo y cultural para reducir el calentamiento global y evitar la ocurrencia de daños catastróficos e irreversibles. El artículo 4 del [Acuerdo de París](https://unfccc.int/sites/default/files/spanish_paris_agreement.pdf) insta a las Partes a comunicar estrategias a largo plazo para un desarrollo de bajas emisiones. Argentina ratificó el acuerdo en 2016 a través de la Ley 27270 y cumple con sus compromisos mediante la presentación de inventarios y contribuciones nacionales.\r\n\r\n| Documento | Referencias | Presentado | Descargas |\r\n| :---- | :---- | :---- | :---- |\r\n| Informe Bienal de Transparencia 2024 (BTR1) | Adap Mit  PyD | 19 de diciembre de 2024 |  |\r\n| Informe del Inventario Nacional (INR) 2024\\. | Mit | 19 de diciembre de 2024 |  |\r\n| Tabla Común de Información 2024 (CRT) | Mit | 19 de diciembre de 2024 |  |\r\n| Informe Bienal de Transparencia (BTR). BTR1. CTF-NDC |  |  |  |\r\n|  |  |  |  |\r\n|  |  |  |  |\r\n|  |  |  |  |\r\n|  |  |  |  |", "post": 9, "date": "2025-02-07T05:15:28.632Z", "user": 1, "short": ""}}, {"model": "main.postversion", "pk": 45, "fields": {"lang": "es", "title": "Marco internacional", "body": "A partir de la adopción de la Convención Marco de Naciones Unidas sobre Cambio Climático (CMNUCC) en 1992, se han desarrollado sucesivas reuniones a través de la Conferencia de las Partes (COP, por sus siglas en inglés), que es el órgano principal de toma de decisiones de la Convención. En este contexto, se alcanzó un gran avance con la firma del Acuerdo de París, uno de los logros más importantes en el año 2015\\.\r\n\r\nEn estas reuniones, los Estados parte establecen compromisos, responsabilidades y evalúan el progreso de las medidas adoptadas. \r\n\r\nArgentina asumió diversos compromisos nacionales para el país, como la elaboración de reportes internacionales ante la Convención.\r\n\r\n# CMNUCC\r\nLa Convención Marco de Naciones Unidas sobre Cambio Climático (CMNUCC), adoptada en Río en junio de 1992 y ratificada por Argentina mediante la Ley n.º 24.295, establece los esfuerzos intergubernamentales para abordar el cambio climático global.   \r\nEs el órgano supremo de toma de decisiones de la CMNUCC es la Conferencia de las Partes (COP, por sus siglas en inglés), en la cual se encuentran representados todos los Estados que ratificaron la Convención y en donde se reúne anualmente. En ella se examina la aplicación de la Convención y de cualquier otro instrumento jurídico que la COP adopte. Las Partes toman también las decisiones necesarias para promover su aplicación efectiva, incluidos los arreglos institucionales y administrativos. \r\n\r\nAcuerdo de París\r\n\r\nEl 12 de diciembre de 2015, durante la COP21 en París, las Partes de la Convención Marco de las Naciones Unidas sobre el Cambio Climático acordaron un pacto histórico para combatir el cambio climático y promover un futuro sostenible con bajas emisiones de carbono. El Acuerdo de París, vigente desde el 4 de noviembre de 2016, busca limitar el aumento de la temperatura global por debajo de 2°C, con esfuerzos para reducirlo a 1,5°C. Los científicos, a través de los [reportes del IPCC](https://www.ipcc.ch/site/assets/uploads/sites/2/2019/09/IPCC-Special-Report-1.5-SPM_es.pdf), dejaron en claro que será necesario un gran cambio productivo y cultural para reducir el calentamiento global y evitar la ocurrencia de daños catastróficos e irreversibles. El artículo 4 del [Acuerdo de París](https://unfccc.int/sites/default/files/spanish_paris_agreement.pdf) insta a las Partes a comunicar estrategias a largo plazo para un desarrollo de bajas emisiones. Argentina ratificó el acuerdo en 2016 a través de la Ley 27270 y cumple con sus compromisos mediante la presentación de inventarios y contribuciones nacionales.\r\n\r\n| Documento | Referencias | Presentado | Descargas |\r\n| :---- | :---- | :---- | :---- |\r\n| Informe Bienal de Transparencia 2024 (BTR1) | Adap Mit  PyD | 19 de diciembre de 2024 |  |\r\n| Informe del Inventario Nacional (INR) 2024\\. | Mit | 19 de diciembre de 2024 |  |\r\n| Tabla Común de Información 2024 (CRT) | Mit | 19 de diciembre de 2024 |  |\r\n| Informe Bienal de Transparencia (BTR). BTR1. CTF-NDC |  |  |  |\r\n|  |  |  |  |\r\n|  |  |  |  |\r\n|  |  |  |  |\r\n|  |  |  |  |", "post": 9, "date": "2025-02-07T05:16:05.698Z", "user": 1, "short": "A partir de la adopción de la Convención Marco de Naciones Unidas sobre Cambio Climático (CMNUCC) en 1992, se han desarrollado sucesivas reuniones a través de la Conferencia de las Partes (COP, por sus siglas en inglés), que es el órgano principal de toma de decisiones de la Convención. En este contexto, se alcanzó un gran avance con la firma del Acuerdo de París, uno de los logros más importantes en el año 2015\\."}}, {"model": "main.postversion", "pk": 46, "fields": {"lang": "es", "title": "Marco internacional", "body": "A partir de la adopción de la Convención Marco de Naciones Unidas sobre Cambio Climático (CMNUCC) en 1992, se han desarrollado sucesivas reuniones a través de la Conferencia de las Partes (COP, por sus siglas en inglés), que es el órgano principal de toma de decisiones de la Convención. En este contexto, se alcanzó un gran avance con la firma del Acuerdo de París, uno de los logros más importantes en el año 2015\\.\r\n\r\nEn estas reuniones, los Estados parte establecen compromisos, responsabilidades y evalúan el progreso de las medidas adoptadas. \r\n\r\nArgentina asumió diversos compromisos nacionales para el país, como la elaboración de reportes internacionales ante la Convención.\r\n\r\n# CMNUCC\r\nLa Convención Marco de Naciones Unidas sobre Cambio Climático (CMNUCC), adoptada en Río en junio de 1992 y ratificada por Argentina mediante la Ley n.º 24.295, establece los esfuerzos intergubernamentales para abordar el cambio climático global.   \r\nEs el órgano supremo de toma de decisiones de la CMNUCC es la Conferencia de las Partes (COP, por sus siglas en inglés), en la cual se encuentran representados todos los Estados que ratificaron la Convención y en donde se reúne anualmente. En ella se examina la aplicación de la Convención y de cualquier otro instrumento jurídico que la COP adopte. Las Partes toman también las decisiones necesarias para promover su aplicación efectiva, incluidos los arreglos institucionales y administrativos. \r\n\r\nAcuerdo de París\r\n\r\nEl 12 de diciembre de 2015, durante la COP21 en París, las Partes de la Convención Marco de las Naciones Unidas sobre el Cambio Climático acordaron un pacto histórico para combatir el cambio climático y promover un futuro sostenible con bajas emisiones de carbono. El Acuerdo de París, vigente desde el 4 de noviembre de 2016, busca limitar el aumento de la temperatura global por debajo de 2°C, con esfuerzos para reducirlo a 1,5°C. Los científicos, a través de los [reportes del IPCC](https://www.ipcc.ch/site/assets/uploads/sites/2/2019/09/IPCC-Special-Report-1.5-SPM_es.pdf), dejaron en claro que será necesario un gran cambio productivo y cultural para reducir el calentamiento global y evitar la ocurrencia de daños catastróficos e irreversibles. El artículo 4 del [Acuerdo de París](https://unfccc.int/sites/default/files/spanish_paris_agreement.pdf) insta a las Partes a comunicar estrategias a largo plazo para un desarrollo de bajas emisiones. Argentina ratificó el acuerdo en 2016 a través de la Ley 27270 y cumple con sus compromisos mediante la presentación de inventarios y contribuciones nacionales.\r\n\r\n| Documento | Referencias | Presentado | Descargas |\r\n| :---- | :---- | :---- | :---- |\r\n| Informe Bienal de Transparencia 2024 (BTR1) | Adap Mit  PyD | 19 de diciembre de 2024 |  |\r\n| Informe del Inventario Nacional (INR) 2024\\. | Mit | 19 de diciembre de 2024 |  |\r\n| Tabla Común de Información 2024 (CRT) | Mit | 19 de diciembre de 2024 |  |\r\n| Informe Bienal de Transparencia (BTR). BTR1. CTF-NDC |  |  |  |\r\n|  |  |  |  |\r\n|  |  |  |  |\r\n|  |  |  |  |\r\n|  |  |  |  |", "post": 9, "date": "2025-02-07T05:16:37.972Z", "user": 1, "short": "A partir de la adopción de la Convención Marco de Naciones Unidas sobre Cambio Climático (CMNUCC) en 1992, se han desarrollado sucesivas reuniones a través de la Conferencia de las Partes (COP, por sus siglas en inglés), que es el órgano principal de toma de decisiones de la Convención."}}, {"model": "main.postversion", "pk": 47, "fields": {"lang": "es", "title": "Ley N° 27.520", "body": "En el año 2019, el Congreso Nacional aprobó la [Ley N° 27.520 de Presupuestos Mínimos de Adaptación y Mitigación al Cambio Climático Global](https://www.argentina.gob.ar/normativa/nacional/ley-27520-333515/texto). Posteriormente, fue reglamentada a través del [Decreto N° 1030/2020](https://www.argentina.gob.ar/normativa/nacional/decreto-1030-2020-345380/texto). Esta norma nacional ratifica los compromisos internacionales asumidos y fortalece la política climática nacional y la planificación subnacional, estableciendo los presupuestos mínimos de protección ambiental para garantizar acciones, instrumentos y estrategias adecuadas de adaptación y mitigación al cambio climático en todo el territorio nacional. \r\n\r\nComo parte de los objetivos de esta ley nacional, se detallan; \r\n\r\na) Establecer las estrategias, medidas, políticas e instrumentos relativos al estudio del impacto, la vulnerabilidad y las actividades de adaptación que puedan garantizar el desarrollo humano y de los ecosistemas;\r\n\r\nb) Asistir y promover el desarrollo de estrategias de mitigación y reducción de gases de efecto invernadero en el país; y\r\n\r\nc) Reducir la vulnerabilidad humana y de los sistemas naturales ante el Cambio Climático, protegerlos de sus efectos adversos y aprovechar sus beneficios.\r\n\r\nLa Ley N° 27.520 ratifica el trabajo del **Gabinete Nacional de Cambio Climático (GNCC) \\[Agregar hipervínculo a la sección\\]**, creado oportunamente en el año 2016 por el Decreto del Poder Ejecutivo Nacional N° 891 y detalle su organigrama interno y espacios de trabajo. En este sentido, se conformó bajo una estructura que garantiza la transversalidad de la temática en las políticas de Estado a largo plazo y la participación de todos los actores nacionales, subnacionales y sectoriales en la temática. Asimismo, suma a este esquema de gobernanza nacional al **Consejo Asesor Externo (CAE) \\[Agregar hipervínculo a la sección\\]**, compuesto por personas expertas en los diversos aspectos de la cuestión climática y por representantes de diferentes sectores y grupos. \r\n\r\nAsimismo, la norma establece la elaboración y aprobación del **Plan Nacional de Adaptación y Mitigación al Cambio Climático (PNAyMCC) \\[Agregar hipervínculo a la sección\\]**, el cual debe ser actualizado al menos, cada 5 años. El PNAyMCC es redactado por la Coordinación Técnica Administrativa del GNCC, en base a los insumos que generan las diferentes instancias de trabajo de este espacio. \r\n\r\nA nivel subnacional, la Ley Nacional establece que toda las provincias deben elaborar y aprobar a traves de un proceso participativo liderado por sus Autoridades de Aplicación Local, los **Planes de Respuesta Jurisdiccionales \\[Agregar hipervínculo a la sección\\]**. Dichos Planes cuentan con diferentes elementos mínimos que detalla la norma nacional tales como una meta de mitigación y adaptación, medidas para lograr el cumplimiento de dichas metas, un esquema de gobernanza y participación, entre otras. \r\n\r\nGracias a esta norma nacional, se garantiza la participación de todos los actores interesados en el armado de las políticas climáticas a nivel nacional y provincial, como también, se ratifica el acceso a la información ambiental detallado en diversas normas ambientales de la Argentina.", "post": 18, "date": "2025-02-07T05:18:59.614Z", "user": 1, "short": "En el año 2019, el Congreso Nacional aprobó la Ley N° 27.520 de Presupuestos Mínimos de Adaptación y Mitigación al Cambio Climático Global."}}, {"model": "main.postversion", "pk": 48, "fields": {"lang": "es", "title": "Sobre Adaptación", "body": "Impulsamos políticas, medidas y acciones que tiendan a minimizar los impactos del clima. Por medio de medidas de Adaptación apuntamos a dar respuesta sobre las consecuencias climáticas, para reducir la vulnerabilidad de cada sector, y por consiguiente reducir el riesgo ya que apunta a dar respuestas y atender en forma directa los impactos locales  sobre los sectores más vulnerables de nuestra sociedad y los sistemas productivos.\r\n\r\nNuestro objetivo desde la Subsecretaría de Ambiente es identificar los sectores, sistemas económico-sociales y/o ecosistemas que presentan un mayor grado de vulnerabilidad frente a los impactos climáticos, Para atender esta demanda, se identifican las medidas de adaptación necesarias a impulsar de forma coordinada con diversos actores y éstas se describen en el [Plan Nacional de Adaptación](https://ciam.ambiente.gob.ar/images/uploaded/recursos/531/PNA%20Argentina%20\\(2022\\).pdf).\r\n\r\n**Conocé los riesgos climáticos en Argentina**\r\n\r\nCon el Sistema de Mapas de Riesgo del Cambio Climático (SIMARCC) podes visualizar dónde se encuentran las zonas y poblaciones más vulnerables a las amenazas climáticas.", "post": 12, "date": "2025-02-07T05:24:51.904Z", "user": 1, "short": "Impulsamos políticas, medidas y acciones que tiendan a minimizar los impactos del clima."}}, {"model": "main.postversion", "pk": 49, "fields": {"lang": "es", "title": "Ley N° 27.520", "body": "La Ley N° 27.520 de cambio climático nacional es una ley de presupuestos mínimos en el marco del articulo 41 de la Constitucion Nacional, sancionada en el año 2019. La misma impulsa las acciones, instrumentos y estrategias adecuadas de adaptación y mitigación al cambio climático en todo el territorio nacional.\r\n\r\nRatifica el rol de Gabinete Nacional (GNCC) como el espacio de gobernanza climática nacional para el desarrollo de las políticas y acciones climáticas de la Argentina, que garantiza la participación de todos los sectores y actores. Además, crea el Plan Nacional de Adaptación y Mitigación y los Planes de Respuesta Jurisdiccional. Es mediante dicha norma, que se formaliza la creación del Sistema Nacional de Información sobre Cambio Climático, garantizando el acceso a la información y la transparencia de datos climáticos.\r\n\r\n<p class=\"text-center\">\r\n<a href=\"#enlace-externo\" class=\"btn btn-azul-claro btn-small\">Ley 27.520</a>\r\n</p>", "post": 18, "date": "2025-02-10T04:54:20.870Z", "user": 1, "short": "En el año 2019, el Congreso Nacional aprobó la Ley N° 27.520 de Presupuestos Mínimos de Adaptación y Mitigación al Cambio Climático Global."}}, {"model": "main.postversion", "pk": 50, "fields": {"lang": "es", "title": "¿Que es el SNICC?", "body": "El **Sistema Nacional de Información sobre el Cambio Climático** (SNICC) es una plataforma de consulta e intercambio de información, clave para garantizar la **transparencia climática y potenciar la transversalización del cambio climático** en la toma de decisiones de la República Argentina.\r\n\r\nFue creado por la Ley Nº 27.520 de Presupuestos Mínimos de Adaptación y Mitigación al Cambio Climático Global (conocida como la Ley de Cambio Climático), aprobada en diciembre de 2019 y reglamentada en 2020 mediante el Decreto Nº 1030.\r\n\r\n![enter image description here][1]\r\n\r\nSu objetivo es servir como un instrumento para el diagnóstico y el desarrollo de planes de respuesta al cambio climático en las distintas jurisdicciones del país, y para garantizar la robustez y la transparencia del inventario nacional de gases de efecto invernadero (**INGEI**) y el monitoreo de las medidas de mitigación, de acuerdo con los objetivos y principios del **Plan Nacional de Adaptación y Mitigación al Cambio Climático - PNAyMCC**.\r\n\r\nEl SNICC es gestionado por la **Subsecretaría de Ambiente de la Nación** e integra, además de sus propios contenidos, la información generada por otras plataformas generales como el **Sistema Integrado de Información Ambiental - SInIA**, el portal de datos abiertos de Argentina y otros portales específicos de cambio climático como el INGEI y el **Sistema de Mapas de Riesgo de Cambio Climático (SIMARCC)**, los dos portales principales de mitigación y adaptación de la República Argentina.\r\n\r\nEl SNICC proporciona información de acceso libre y gratuito, de utilidad para autoridades, gestores públicos y otros actores de la sociedad en el diseño de políticas y acciones para enfrentar los desafíos del cambio climático.\r\n\r\n\r\n  [1]: /media/pagedown-uploads/sobre-snicc.jpg", "post": 3, "date": "2025-02-11T00:20:28.167Z", "user": 1, "short": ""}}, {"model": "main.postversion", "pk": 51, "fields": {"lang": "en", "title": "What is SNICC ?", "body": "The **National Climate Change Information System** (SNICC) is a platform for consultation and exchange of information, key to guaranteeing **climate transparency and promoting the mainstreaming of climate change** in decision-making in the Argentine Republic.\r\n\r\nIt was created by Law No. 27,520 on Minimum Budgets for Adaptation and Mitigation to Global Climate Change (known as the Climate Change Law), approved in December 2019 and regulated in 2020 by Decree No. 1030.\r\n\r\n![About SNICC][1]\r\n\r\nIts objective is to serve as an instrument for the diagnosis and development of climate change response plans in the different jurisdictions of the country, and to guarantee the robustness and transparency of the national greenhouse gas inventory (**INGEI**) and the monitoring of mitigation measures, in accordance with the objectives and principles of the **National Plan for Adaptation and Mitigation to Climate Change - PNAyMCC**.\r\n\r\nThe SNICC is managed by the **Undersecretariat of the Environment of the Nation** and integrates, in addition to its own content, the information generated by other general platforms such as the **Integrated Environmental Information System - SInIA**, the open data portal of Argentina and other specific portals on climate change such as INGEI and the **Climate Change Risk Map System (SIMARCC)**, the two main mitigation and adaptation portals of the Argentine Republic.\r\n\r\nThe SNICC provides free and open access information, useful for authorities, public managers and other actors in society in the design of policies and actions to face the challenges of climate change.\r\n\r\n [1]: /media/pagedown-uploads/sobre-snicc.jpg", "post": 3, "date": "2025-02-11T03:11:44.853Z", "user": 1, "short": null}}, {"model": "main.postversion", "pk": 52, "fields": {"lang": "es", "title": "Terminos y condiciones", "body": "", "post": 19, "date": "2025-02-13T05:34:20.791Z", "user": 1, "short": ""}}, {"model": "main.postversion", "pk": 53, "fields": {"lang": "es", "title": "Acerca de este sitio", "body": "", "post": 20, "date": "2025-02-13T05:36:40.751Z", "user": 1, "short": ""}}, {"model": "main.postversion", "pk": 54, "fields": {"lang": "es", "title": "Contacto", "body": "", "post": 21, "date": "2025-02-13T05:36:57.104Z", "user": 1, "short": ""}}, {"model": "main.postversion", "pk": 55, "fields": {"lang": "es", "title": "¿Que es el SNIC?", "body": "El Sistema Nacional de Información Climática es una herramienta que nos permite conocer los avances de Argentina en materia de acción climática. La información está organizada en base a tres pilares, mitigación, adaptación y pérdidas y daños.\r\n\r\nEste sistema responde a la Ley 27520 que en su Art. 17 expresa: “Créase el Sistema Nacional de Información Climática como instrumento para el diagnóstico y desarrollo de planes de respuesta al cambio climático en las diferentes jurisdicciones y para garantizar la robustez y transparencia del inventario nacional de gases de efecto invernadero y monitoreo de medidas de mitigación”.\r\n\r\n![enter image description here][1]\r\n\r\nSu objetivo es servir como un instrumento para el diagnóstico y el desarrollo de planes de respuesta al cambio climático en las distintas jurisdicciones del país, y para garantizar la robustez y la transparencia del inventario nacional de gases de efecto invernadero (**INGEI**) y el monitoreo de las medidas de mitigación, de acuerdo con los objetivos y principios del **Plan Nacional de Adaptación y Mitigación al Cambio Climático - PNAyMCC**.\r\n\r\nEl SNICC es gestionado por la **Subsecretaría de Ambiente de la Nación** e integra, además de sus propios contenidos, la información generada por otras plataformas generales como el **Sistema Integrado de Información Ambiental - SInIA**, el portal de datos abiertos de Argentina y otros portales específicos de cambio climático como el INGEI y el **Sistema de Mapas de Riesgo de Cambio Climático (SIMARCC)**, los dos portales principales de mitigación y adaptación de la República Argentina.\r\n\r\nEl SNICC proporciona información de acceso libre y gratuito, de utilidad para autoridades, gestores públicos y otros actores de la sociedad en el diseño de políticas y acciones para enfrentar los desafíos del cambio climático.\r\n\r\n\r\n  [1]: /media/pagedown-uploads/sobre-snicc.jpg", "post": 3, "date": "2025-02-13T22:21:54.549Z", "user": 1, "short": ""}}, {"model": "main.postversion", "pk": 56, "fields": {"lang": "es", "title": "¿Que es el SNIC?", "body": "El Sistema Nacional de Información Climática es una herramienta que nos permite conocer los avances de Argentina en materia de acción climática. La información está organizada en base a tres pilares, mitigación, adaptación y pérdidas y daños.\r\n\r\nEste sistema responde a la Ley 27520 que en su Art. 17 expresa: “Créase el Sistema Nacional de Información Climática como instrumento para el diagnóstico y desarrollo de planes de respuesta al cambio climático en las diferentes jurisdicciones y para garantizar la robustez y transparencia del inventario nacional de gases de efecto invernadero y monitoreo de medidas de mitigación”.\r\n\r\n![enter image description here][1]\r\n\r\nSu objetivo es servir como un instrumento para el diagnóstico y el desarrollo de planes de respuesta al cambio climático en las distintas jurisdicciones del país, y para garantizar la robustez y la transparencia del inventario nacional de gases de efecto invernadero (**INGEI**) y el monitoreo de las medidas de mitigación, de acuerdo con los objetivos y principios del **Plan Nacional de Adaptación y Mitigación al Cambio Climático - PNAyMCC**.\r\n\r\nEl SNICC es gestionado por la **Subsecretaría de Ambiente de la Nación** e integra, además de sus propios contenidos, la información generada por otras plataformas generales como el **Sistema Integrado de Información Ambiental - SInIA**, el portal de datos abiertos de Argentina y otros portales específicos de cambio climático como el INGEI y el **Sistema de Mapas de Riesgo de Cambio Climático (SIMARCC)**, los dos portales principales de mitigación y adaptación de la República Argentina.\r\n\r\nEl SNICC proporciona información de acceso libre y gratuito, de utilidad para autoridades, gestores públicos y otros actores de la sociedad en el diseño de políticas y acciones para enfrentar los desafíos del cambio climático.\r\n\r\n\r\n  [1]: /media/pagedown-uploads/sobre-snic.jpg", "post": 3, "date": "2025-02-14T14:19:29.388Z", "user": 1, "short": ""}}, {"model": "main.postversion", "pk": 57, "fields": {"lang": "es", "title": "Gestión del impacto climático: un compromiso frente a la crisis global", "body": "La gestión del impacto climático es un tema complejo y urgente que requiere un enfoque global y colaborativo.\r\n\r\n### Causas del cambio climático:\r\n\r\nEl cambio climático es causado principalmente por las actividades humanas que liberan gases de efecto invernadero a la atmósfera, como la quema de combustibles fósiles, la deforestación y la agricultura intensiva. Estos gases atrapan el calor del sol y elevan la temperatura del planeta.  \r\n\r\n### Impactos del cambio climático:\r\n\r\nEl cambio climático tiene una amplia gama de impactos negativos en el medio ambiente y la sociedad, como el aumento del nivel del mar, eventos climáticos extremos más frecuentes e intensos, sequías, inundaciones, olas de calor, pérdida de biodiversidad, escasez de agua y alimentos, y desplazamiento de poblaciones.\r\n\r\n### Medidas para mitigar el cambio climático:\r\n\r\nPara mitigar el cambio climático, es necesario reducir drásticamente las emisiones de gases de efecto invernadero. Esto se puede lograr mediante la transición a fuentes de energía renovables, la mejora de la eficiencia energética, la promoción de prácticas agrícolas sostenibles y la protección de los bosques.\r\n\r\n### Adaptación al cambio climático:\r\n\r\nAdemás de mitigar el cambio climático, es necesario adaptarse a sus impactos inevitables. Esto implica tomar medidas para proteger a las comunidades y los ecosistemas vulnerables, como la construcción de infraestructuras resistentes al clima, la gestión sostenible de los recursos hídricos y la promoción de prácticas agrícolas adaptadas al cambio climático.\r\n\r\n### El papel de los diferentes actores:\r\n\r\nLa gestión del impacto climático requiere la participación de todos los actores, incluyendo los gobiernos, las empresas, la sociedad civil y los individuos. Los gobiernos deben establecer políticas ambiciosas y crear marcos regulatorios que fomenten la reducción de emisiones y la adaptación al cambio climático. Las empresas deben adoptar prácticas sostenibles y invertir en tecnologías limpias. La sociedad civil juega un papel fundamental en la sensibilización y la movilización de la acción climática. Y los individuos pueden contribuir reduciendo su huella de carbono y adoptando estilos de vida más sostenibles.", "post": 14, "date": "2025-02-14T15:02:24.541Z", "user": 1, "short": ""}}, {"model": "main.postversion", "pk": 58, "fields": {"lang": "es", "title": "Gestión del impacto climático: un compromiso frente a la crisis global", "body": "La gestión del impacto climático es un tema complejo y urgente que requiere un enfoque global y colaborativo.\r\n\r\n## Causas del cambio climático:\r\n\r\nEl cambio climático es causado principalmente por las actividades humanas que liberan gases de efecto invernadero a la atmósfera, como la quema de combustibles fósiles, la deforestación y la agricultura intensiva. Estos gases atrapan el calor del sol y elevan la temperatura del planeta.  \r\n\r\n## Impactos del cambio climático:\r\n\r\nEl cambio climático tiene una amplia gama de impactos negativos en el medio ambiente y la sociedad, como el aumento del nivel del mar, eventos climáticos extremos más frecuentes e intensos, sequías, inundaciones, olas de calor, pérdida de biodiversidad, escasez de agua y alimentos, y desplazamiento de poblaciones.\r\n\r\n## Medidas para mitigar el cambio climático:\r\n\r\nPara mitigar el cambio climático, es necesario reducir drásticamente las emisiones de gases de efecto invernadero. Esto se puede lograr mediante la transición a fuentes de energía renovables, la mejora de la eficiencia energética, la promoción de prácticas agrícolas sostenibles y la protección de los bosques.\r\n\r\n## Adaptación al cambio climático:\r\n\r\nAdemás de mitigar el cambio climático, es necesario adaptarse a sus impactos inevitables. Esto implica tomar medidas para proteger a las comunidades y los ecosistemas vulnerables, como la construcción de infraestructuras resistentes al clima, la gestión sostenible de los recursos hídricos y la promoción de prácticas agrícolas adaptadas al cambio climático.\r\n\r\n## El papel de los diferentes actores:\r\n\r\nLa gestión del impacto climático requiere la participación de todos los actores, incluyendo los gobiernos, las empresas, la sociedad civil y los individuos. Los gobiernos deben establecer políticas ambiciosas y crear marcos regulatorios que fomenten la reducción de emisiones y la adaptación al cambio climático. Las empresas deben adoptar prácticas sostenibles y invertir en tecnologías limpias. La sociedad civil juega un papel fundamental en la sensibilización y la movilización de la acción climática. Y los individuos pueden contribuir reduciendo su huella de carbono y adoptando estilos de vida más sostenibles.", "post": 14, "date": "2025-02-14T15:05:25.172Z", "user": 1, "short": ""}}, {"model": "main.postversion", "pk": 59, "fields": {"lang": "es", "title": "Información para Sector privado", "body": null, "post": 22, "date": "2025-02-16T23:16:04.877Z", "user": null, "short": null}}, {"model": "main.postversion", "pk": 60, "fields": {"lang": "es", "title": "Información para Docentes", "body": null, "post": 23, "date": "2025-02-16T23:16:04.994Z", "user": null, "short": null}}, {"model": "main.postversion", "pk": 61, "fields": {"lang": "es", "title": "Información para Gestor público locales", "body": null, "post": 24, "date": "2025-02-16T23:16:05.067Z", "user": null, "short": null}}, {"model": "main.postversion", "pk": 62, "fields": {"lang": "es", "title": "Información para Gestor público nacional", "body": null, "post": 25, "date": "2025-02-16T23:16:05.133Z", "user": null, "short": null}}, {"model": "main.postversion", "pk": 63, "fields": {"lang": "es", "title": "Información para Juventudes", "body": null, "post": 26, "date": "2025-02-16T23:16:05.233Z", "user": null, "short": null}}, {"model": "main.postversion", "pk": 64, "fields": {"lang": "es", "title": "Información para ONGS sin fines de lucro", "body": null, "post": 27, "date": "2025-02-16T23:16:05.308Z", "user": null, "short": null}}, {"model": "main.postversion", "pk": 65, "fields": {"lang": "es", "title": "Información para Pueblos originarios", "body": null, "post": 28, "date": "2025-02-16T23:16:05.375Z", "user": null, "short": null}}, {"model": "main.postversion", "pk": 66, "fields": {"lang": "es", "title": "Información para Público general", "body": null, "post": 29, "date": "2025-02-16T23:16:05.467Z", "user": null, "short": null}}, {"model": "main.postversion", "pk": 67, "fields": {"lang": "es", "title": "Información para Gestor público provincial", "body": null, "post": 30, "date": "2025-02-16T23:16:05.608Z", "user": null, "short": null}}, {"model": "main.postversion", "pk": 68, "fields": {"lang": "es", "title": "Adaptación", "body": "Impulsamos políticas, medidas y acciones que tiendan a minimizar los impactos del clima. Por medio de medidas de Adaptación apuntamos a dar respuesta sobre las consecuencias climáticas, para reducir la vulnerabilidad de cada sector, y por consiguiente reducir el riesgo ya que apunta a dar respuestas y atender en forma directa los impactos locales  sobre los sectores más vulnerables de nuestra sociedad y los sistemas productivos.\r\n\r\nNuestro objetivo desde la Subsecretaría de Ambiente es identificar los sectores, sistemas económico-sociales y/o ecosistemas que presentan un mayor grado de vulnerabilidad frente a los impactos climáticos, Para atender esta demanda, se identifican las medidas de adaptación necesarias a impulsar de forma coordinada con diversos actores y éstas se describen en el [Plan Nacional de Adaptación](https://ciam.ambiente.gob.ar/images/uploaded/recursos/531/PNA%20Argentina%20\\(2022\\).pdf).\r\n\r\n**Conocé los riesgos climáticos en Argentina**\r\n\r\nCon el Sistema de Mapas de Riesgo del Cambio Climático (SIMARCC) podes visualizar dónde se encuentran las zonas y poblaciones más vulnerables a las amenazas climáticas.", "post": 12, "date": "2025-02-16T23:25:20.208Z", "user": 1, "short": "Impulsamos políticas, medidas y acciones que tiendan a minimizar los impactos del clima."}}, {"model": "main.postversion", "pk": 69, "fields": {"lang": "es", "title": "Sobre Perdidas y daños", "body": "La acción climática se ha estructurado, principalmente, alrededor de dos pilares: la adaptación y la mitigación. En este sentido, se presenta un nuevo abordaje que conduce a una **reducción de las pérdidas y los daños** asociados al calentamiento global.\r\n\r\nExiste un consenso internacional respecto a que dichas pérdidas y daños refieren a los impactos y riesgos adversos relacionados con el clima tanto de eventos repentinos (como inundaciones y ciclones) como de procesos de evolución lenta (que incluyen sequías, aumento del nivel del mar, retroceso de los glaciares y desertificación). Adicionalmente, la Convención Marco de Naciones Unidas para el Cambio Climático estableció una diferenciación entre pérdidas económicas y no económicas.\r\n\r\nEl Decreto Reglamentario n.° 1030/2020 de la Ley n.° 27520, hace mención a las pérdidas y daños asociadas al cambio climático, en alusión al artículo 17, que establece el Sistema Nacional de Información Climática.\r\n\r\nEn el Plan Nacional de Adaptación y Mitigación al Cambio Climático presentado en 2022, se identifican los esfuerzos realizados por la República Argentina para dar cuenta de las pérdidas y daños de origen climático. Además, se reconoce la necesidad de establecer una hoja de ruta que impulse el trabajo en materia de pérdidas y daños, en conjunto con las áreas y sectores competentes; como también la de desarrollar una visión y narrativa nacional sobre el tema.", "post": 13, "date": "2025-02-16T23:26:50.172Z", "user": 1, "short": "La acción climática se ha estructurado, principalmente, alrededor de dos pilares: la adaptación y la mitigación. En este sentido, se presenta un nuevo abordaje que conduce a una reducción de las pérdidas y los daños asociados al calentamiento global."}}, {"model": "main.postversion", "pk": 70, "fields": {"lang": "es", "title": "Perdidas y daños", "body": "La acción climática se ha estructurado, principalmente, alrededor de dos pilares: la adaptación y la mitigación. En este sentido, se presenta un nuevo abordaje que conduce a una **reducción de las pérdidas y los daños** asociados al calentamiento global.\r\n\r\nExiste un consenso internacional respecto a que dichas pérdidas y daños refieren a los impactos y riesgos adversos relacionados con el clima tanto de eventos repentinos (como inundaciones y ciclones) como de procesos de evolución lenta (que incluyen sequías, aumento del nivel del mar, retroceso de los glaciares y desertificación). Adicionalmente, la Convención Marco de Naciones Unidas para el Cambio Climático estableció una diferenciación entre pérdidas económicas y no económicas.\r\n\r\nEl Decreto Reglamentario n.° 1030/2020 de la Ley n.° 27520, hace mención a las pérdidas y daños asociadas al cambio climático, en alusión al artículo 17, que establece el Sistema Nacional de Información Climática.\r\n\r\nEn el Plan Nacional de Adaptación y Mitigación al Cambio Climático presentado en 2022, se identifican los esfuerzos realizados por la República Argentina para dar cuenta de las pérdidas y daños de origen climático. Además, se reconoce la necesidad de establecer una hoja de ruta que impulse el trabajo en materia de pérdidas y daños, en conjunto con las áreas y sectores competentes; como también la de desarrollar una visión y narrativa nacional sobre el tema.", "post": 13, "date": "2025-02-16T23:27:00.576Z", "user": 1, "short": "La acción climática se ha estructurado, principalmente, alrededor de dos pilares: la adaptación y la mitigación. En este sentido, se presenta un nuevo abordaje que conduce a una reducción de las pérdidas y los daños asociados al calentamiento global."}}, {"model": "main.postversion", "pk": 71, "fields": {"lang": "es", "title": "Perdidas y daños", "body": "La acción climática se ha estructurado, principalmente, alrededor de dos pilares: la adaptación y la mitigación. En este sentido, se presenta un nuevo abordaje que conduce a una **reducción de las pérdidas y los daños** asociados al calentamiento global.\r\n\r\nExiste un consenso internacional respecto a que dichas pérdidas y daños refieren a los impactos y riesgos adversos relacionados con el clima tanto de eventos repentinos (como inundaciones y ciclones) como de procesos de evolución lenta (que incluyen sequías, aumento del nivel del mar, retroceso de los glaciares y desertificación). Adicionalmente, la Convención Marco de Naciones Unidas para el Cambio Climático estableció una diferenciación entre pérdidas económicas y no económicas.\r\n\r\nEl Decreto Reglamentario n.° 1030/2020 de la Ley n.° 27520, hace mención a las pérdidas y daños asociadas al cambio climático, en alusión al artículo 17, que establece el Sistema Nacional de Información Climática.\r\n\r\nEn el Plan Nacional de Adaptación y Mitigación al Cambio Climático presentado en 2022, se identifican los esfuerzos realizados por la República Argentina para dar cuenta de las pérdidas y daños de origen climático. Además, se reconoce la necesidad de establecer una hoja de ruta que impulse el trabajo en materia de pérdidas y daños, en conjunto con las áreas y sectores competentes; como también la de desarrollar una visión y narrativa nacional sobre el tema.", "post": 13, "date": "2025-02-16T23:27:56.690Z", "user": 1, "short": "En este sentido, se presenta un nuevo abordaje que conduce a una reducción de las pérdidas y los daños asociados al calentamiento global."}}, {"model": "main.postversion", "pk": 72, "fields": {"lang": "es", "title": "Mitigación", "body": "La mitigación incentiva la disminución en las emisiones de gases de efecto invernadero (GEI) para reducir el calentamiento global por medio de modificar conductas de las personas y hábitos de consumo, así como también involucran a los diversos sectores.\r\n\r\nLas medidas de mitigación son aquellas políticas y tecnologías tendientes a limitar y reducir las emisiones de gases de efecto invernadero acompañando el desarrollo de cada país y la calidad de vida de las personas.\r\n\r\n<div class=\"d-flex\">\r\n<a href=\"https://inventariogei.ambiente.gob.ar/\" target=\"_blank\" class=\"btn btn-azul-claro btn-small\">Ingresá al portal del inventario GEI</a>\r\n</div>\r\n\r\nLos sectores en los que se pueden realizar acciones de mitigación son muchos, entre ellos se destacan el transporte, la industria, el sector agropecuario, el manejo de residuos domiciliarios e industriales, y el energético.", "post": 31, "date": "2025-02-16T23:31:43.286Z", "user": 1, "short": "La mitigación incentiva la disminución en las emisiones de gases de efecto invernadero (GEI) para reducir el calentamiento global por medio de modificar conductas de las personas y hábitos de consumo, así como también involucran a los diversos sectores."}}, {"model": "main.postversion", "pk": 73, "fields": {"lang": "es", "title": "Marco internacional", "body": "A partir de la adopción de la Convención Marco de Naciones Unidas sobre Cambio Climático (CMNUCC) en 1992, se han desarrollado sucesivas reuniones a través de la Conferencia de las Partes (COP, por sus siglas en inglés), que es el órgano principal de toma de decisiones de la Convención. En este contexto, se alcanzó un gran avance con la firma del Acuerdo de París, uno de los logros más importantes en el año 2015\\.\r\n\r\nEn estas reuniones, los Estados parte establecen compromisos, responsabilidades y evalúan el progreso de las medidas adoptadas. \r\n\r\nArgentina asumió diversos compromisos nacionales para el país, como la elaboración de reportes internacionales ante la Convención.\r\n\r\n# CMNUCC\r\nLa Convención Marco de Naciones Unidas sobre Cambio Climático (CMNUCC), adoptada en Río en junio de 1992 y ratificada por Argentina mediante la Ley n.º 24.295, establece los esfuerzos intergubernamentales para abordar el cambio climático global.   \r\nEs el órgano supremo de toma de decisiones de la CMNUCC es la Conferencia de las Partes (COP, por sus siglas en inglés), en la cual se encuentran representados todos los Estados que ratificaron la Convención y en donde se reúne anualmente. En ella se examina la aplicación de la Convención y de cualquier otro instrumento jurídico que la COP adopte. Las Partes toman también las decisiones necesarias para promover su aplicación efectiva, incluidos los arreglos institucionales y administrativos. \r\n\r\n# Acuerdo de París\r\n\r\nEl 12 de diciembre de 2015, durante la COP21 en París, las Partes de la Convención Marco de las Naciones Unidas sobre el Cambio Climático acordaron un pacto histórico para combatir el cambio climático y promover un futuro sostenible con bajas emisiones de carbono. El Acuerdo de París, vigente desde el 4 de noviembre de 2016, busca limitar el aumento de la temperatura global por debajo de 2°C, con esfuerzos para reducirlo a 1,5°C. Los científicos, a través de los [reportes del IPCC](https://www.ipcc.ch/site/assets/uploads/sites/2/2019/09/IPCC-Special-Report-1.5-SPM_es.pdf), dejaron en claro que será necesario un gran cambio productivo y cultural para reducir el calentamiento global y evitar la ocurrencia de daños catastróficos e irreversibles. El artículo 4 del [Acuerdo de París](https://unfccc.int/sites/default/files/spanish_paris_agreement.pdf) insta a las Partes a comunicar estrategias a largo plazo para un desarrollo de bajas emisiones. Argentina ratificó el acuerdo en 2016 a través de la Ley 27270 y cumple con sus compromisos mediante la presentación de inventarios y contribuciones nacionales.\r\n\r\n<div class=\"post-table table-responsive-xxl table-internacional\">\r\n<table class=\"table\">\r\n    <thead>\r\n        <tr>\r\n            <th>Documento</th>\r\n            <th>Referencias</th>\r\n            <th>Fecha de presentación</th>\r\n            <th>Descarga</th>\r\n        </tr>\r\n    </thead>\r\n    <tbody>\r\n        <tr>\r\n            <td>IBT1 Argentina_2024.pdf</td>\r\n            <td>\r\n                <div class=\"ref ref-adaptacion\">Adaptación</div>\r\n                <div class=\"ref ref-mitigacion\">Mitigación</div>\r\n                <div class=\"ref ref-perdidas\">Perdidas y daños</div>\r\n            </td>\r\n            <td>13 Diciembre 2024</td>\r\n            <td><a href=\"https://unfccc.int/sites/default/files/resource/IBT1%20Argentina_2024.pdf\" target=\"_blank\" class=\"btn btn-azul-claro btn-icon icon-download\" download>Descargá</a></td>\r\n        </tr>\r\n        <tr>\r\n            <td>INI del IBT1_2024.pdf</td>\r\n            <td>\r\n                <div class=\"ref ref-adaptacion\">Adaptación</div>\r\n                <div class=\"ref ref-mitigacion\">Mitigación</div>\r\n                <div class=\"ref ref-perdidas\">Perdidas y daños</div>\r\n            </td>\r\n            <td>13 Diciembre 2024</td>\r\n            <td><a href=\"https://unfccc.int/sites/default/files/resource/INI%20del%20IBT1_2024.pdf\" target=\"_blank\" class=\"btn btn-azul-claro btn-icon icon-download\" download>Descargá</a></td>\r\n        </tr>\r\n        <tr>\r\n            <td>5to Informe Bienal de Actualización de la República Argentina.pdf</td>\r\n            <td>\r\n                <div class=\"ref ref-adaptacion\">Adaptación</div>\r\n                <div class=\"ref ref-mitigacion\">Mitigación</div>\r\n                <div class=\"ref ref-perdidas\">Perdidas y daños</div>\r\n            </td>\r\n            <td>2023</td>\r\n            <td><a href=\"https://unfccc.int/sites/default/files/resource/5to%20Informe%20Bienal%20de%20Actualizaci%C3%B3n%20de%20la%20Rep%C3%BAblica%20Argentina.pdf\" target=\"_blank\" class=\"btn btn-azul-claro btn-icon icon-download\" download>Descargá</a></td>\r\n        </tr>\r\n        <tr>\r\n            <td>Informe nacional de inventario (IBA 5).pdf</td>\r\n            <td>\r\n                <div class=\"ref ref-adaptacion\">Adaptación</div>\r\n                <div class=\"ref ref-mitigacion\">Mitigación</div>\r\n                <div class=\"ref ref-perdidas\">Perdidas y daños</div>\r\n            </td>\r\n            <td>30 noviembre 2023</td>\r\n            <td><a href=\"https://unfccc.int/sites/default/files/resource/argentina-bur5.pdf\" target=\"_blank\" class=\"btn btn-azul-claro btn-icon icon-download\" download>Descargá</a></td>\r\n        </tr>\r\n        <tr>\r\n            <td>Informe Nacional de Inventario del IBA 4_0.pdf</td>\r\n            <td>\r\n                <div class=\"ref ref-adaptacion\">Adaptación</div>\r\n                <div class=\"ref ref-mitigacion\">Mitigación</div>\r\n                <div class=\"ref ref-perdidas\">Perdidas y daños</div>\r\n            </td>\r\n            <td>2022</td>\r\n            <td><a href=\"https://unfccc.int/sites/default/files/resource/Informe%20Nacional%20de%20Inventario%20del%20IBA%204_0.pdf\" target=\"_blank\" class=\"btn btn-azul-claro btn-icon icon-download\" download>Descargá</a></td>\r\n        </tr>\r\n        <tr>\r\n            <td>Estrategia de desarrollo resiliente con bajas emisiones a largo plazo a 2050.pdf</td>\r\n            <td>\r\n                <div class=\"ref ref-adaptacion\">Adaptación</div>\r\n                <div class=\"ref ref-mitigacion\">Mitigación</div>\r\n                <div class=\"ref ref-perdidas\">Perdidas y daños</div>\r\n            </td>\r\n            <td>2022</td>\r\n            <td><a href=\"https://unfccc.int/sites/default/files/resource/Estrategia%20de%20desarrollo%20resiliente%20con%20bajas%20emisiones%20a%20largo%20plazo%20a%202050.pdf\" target=\"_blank\" class=\"btn btn-azul-claro btn-icon icon-download\" download>Descargá</a></td>\r\n        </tr>\r\n        <tr>\r\n            <td>Actualización meta de emisiones 2030.pdf</td>\r\n            <td>\r\n                <div class=\"ref ref-adaptacion\">Adaptación</div>\r\n                <div class=\"ref ref-mitigacion\">Mitigación</div>\r\n                <div class=\"ref ref-perdidas\">Perdidas y daños</div>\r\n            </td>\r\n            <td>Octubre 2021</td>\r\n            <td><a href=\"https://unfccc.int/sites/default/files/NDC/2022-05/Actualizacio%CC%81n%20meta%20de%20emisiones%202030.pdf\" target=\"_blank\" class=\"btn btn-azul-claro btn-icon icon-download\" download>Descargá</a></td>\r\n        </tr>\r\n        <tr>\r\n            <td>4to Informe Bienal de la República Argentina.pdf</td>\r\n            <td>\r\n                <div class=\"ref ref-adaptacion\">Adaptación</div>\r\n                <div class=\"ref ref-mitigacion\">Mitigación</div>\r\n                <div class=\"ref ref-perdidas\">Perdidas y daños</div>\r\n            </td>\r\n            <td>2021</td>\r\n            <td><a href=\"https://unfccc.int/sites/default/files/resource/4to%20Informe%20Bienal%20de%20la%20Rep%C3%BAblica%20Argentina.pdf\" target=\"_blank\" class=\"btn btn-azul-claro btn-icon icon-download\" download>Descargá</a></td>\r\n        </tr>\r\n        <tr>\r\n            <td>Anexo Técnico REDD 2 de la República Argentina.pdf</td>\r\n            <td>\r\n                <div class=\"ref ref-adaptacion\">Adaptación</div>\r\n                <div class=\"ref ref-mitigacion\">Mitigación</div>\r\n                <div class=\"ref ref-perdidas\">Perdidas y daños</div>\r\n            </td>\r\n            <td>2021</td>\r\n            <td><a href=\"https://unfccc.int/sites/default/files/resource/Anexo%20T%C3%A9cnico%20REDD%20%202%20de%20la%20Rep%C3%BAblica%20Argentina.pdf\" target=\"_blank\" class=\"btn btn-azul-claro btn-icon icon-download\" download>Descargá</a></td>\r\n        </tr>\r\n        <tr>\r\n            <td>Argentina_Segunda Contribución Nacional.pdf</td>\r\n            <td>\r\n                <div class=\"ref ref-adaptacion\">Adaptación</div>\r\n                <div class=\"ref ref-mitigacion\">Mitigación</div>\r\n                <div class=\"ref ref-perdidas\">Perdidas y daños</div>\r\n            </td>\r\n            <td>Diciembre 2020</td>\r\n            <td><a href=\"https://unfccc.int/sites/default/files/NDC/2022-06/Argentina_Segunda%20Contribuci%C3%B3n%20Nacional.pdf\" target=\"_blank\" class=\"btn btn-azul-claro btn-icon icon-download\" download>Descargá</a></td>\r\n        </tr>\r\n        <tr>\r\n            <td>2da Comunicación Nacional de la República Argentina</td>\r\n            <td>\r\n                <div class=\"ref ref-adaptacion\">Adaptación</div>\r\n                <div class=\"ref ref-mitigacion\">Mitigación</div>\r\n                <div class=\"ref ref-perdidas\">Perdidas y daños</div>\r\n            </td>\r\n            <td>Diciembre 2020</td>\r\n            <td><a href=\"https://unfccc.int/sites/default/files/resource/Argentina%20SNC_Spanish_7%20March%202008.pdf\" target=\"_blank\" class=\"btn btn-azul-claro btn-icon icon-download\" download>Descargá</a></td>\r\n        </tr>\r\n        <tr>\r\n            <td>92814035_Argentina-BUR3-1-INFORME NACIONAL DE INVENTARIO DE GEI DE LA REPUBLICA ARGENTINA.pdf</td>\r\n            <td>\r\n                <div class=\"ref ref-adaptacion\">Adaptación</div>\r\n                <div class=\"ref ref-mitigacion\">Mitigación</div>\r\n                <div class=\"ref ref-perdidas\">Perdidas y daños</div>\r\n            </td>\r\n            <td>Diciembre 2020</td>\r\n            <td><a href=\"https://unfccc.int/sites/default/files/resource/92814035_Argentina-BUR3-1-INFORME%20NACIONAL%20DE%20INVENTARIO%20DE%20GEI%20DE%20LA%20REPUBLICA%20ARGENTINA.pdf\" target=\"_blank\" class=\"btn btn-azul-claro btn-icon icon-download\" download>Descargá</a></td>\r\n        </tr>\r\n        <tr>\r\n            <td>3er Informe Bienal de la Republica Argentina.pdf</td>\r\n            <td>\r\n                <div class=\"ref ref-adaptacion\">Adaptación</div>\r\n                <div class=\"ref ref-mitigacion\">Mitigación</div>\r\n                <div class=\"ref ref-perdidas\">Perdidas y daños</div>\r\n            </td>\r\n            <td>Octubre 2019</td>\r\n            <td><a href=\"https://unfccc.int/sites/default/files/resource/3er%20Informe%20Bienal%20de%20la%20Republica%20Argentina.pdf\" target=\"_blank\" class=\"btn btn-azul-claro btn-icon icon-download\" download>Descargá</a></td>\r\n        </tr>\r\n        <tr>\r\n            <td>2019_nref_argentina_resubmission_oct_final.pdf (NIVEL DE REFERENCIA DE EMISIONES FORESTALES DE LA REPÚBLICA ARGENTINA)</td>\r\n            <td>\r\n                <div class=\"ref ref-adaptacion\">Adaptación</div>\r\n                <div class=\"ref ref-mitigacion\">Mitigación</div>\r\n                <div class=\"ref ref-perdidas\">Perdidas y daños</div>\r\n            </td>\r\n            <td>Octubre 2019</td>\r\n            <td><a href=\"https://redd.unfccc.int/media/2019_nref_argentina_resubmission_oct_final.pdf\" target=\"_blank\" class=\"btn btn-azul-claro btn-icon icon-download\" download>Descargá</a></td>\r\n        </tr>\r\n        <tr>\r\n            <td>134785_Argentina-BUR3-1-Anexo Tecnico REDD de la Republica Argentina.pdf</td>\r\n            <td>\r\n                <div class=\"ref ref-adaptacion\">Adaptación</div>\r\n                <div class=\"ref ref-mitigacion\">Mitigación</div>\r\n                <div class=\"ref ref-perdidas\">Perdidas y daños</div>\r\n            </td>\r\n            <td>Octubre 2019</td>\r\n            <td><a href=\"https://unfccc.int/sites/default/files/resource/134785_Argentina-BUR3-1-Anexo%20Tecnico%20REDD%20de%20la%20Republica%20Argentina.pdf\" target=\"_blank\" class=\"btn btn-azul-claro btn-icon icon-download\" download>Descargá</a></td>\r\n        </tr>\r\n        <tr>\r\n            <td>2doBUR - Argentina.pdf (SEGUNDO INFORME BIENAL DE ACTUALIZACIÓN DE LA REPÚBLICA ARGENTINA A LA CONVENCIÓN MARCO DE LAS NACIONES UNIDAS SOBRE EL CAMBIO CLIMÁTICO)</td>\r\n            <td>\r\n                <div class=\"ref ref-adaptacion\">Adaptación</div>\r\n                <div class=\"ref ref-mitigacion\">Mitigación</div>\r\n                <div class=\"ref ref-perdidas\">Perdidas y daños</div>\r\n            </td>\r\n            <td>2027</td>\r\n            <td><a href=\"https://unfccc.int/sites/default/files/resource/2doBUR%20-%20Argentina.pdf\" target=\"_blank\" class=\"btn btn-azul-claro btn-icon icon-download\" download>Descargá</a></td>\r\n        </tr>\r\n        <tr>\r\n            <td>17112016 NDC Revisada 2016.pdf (Argentina - Primera Revisión de su Contribución Determinada a Nivel Nacional)</td>\r\n            <td>\r\n                <div class=\"ref ref-adaptacion\">Adaptación</div>\r\n                <div class=\"ref ref-mitigacion\">Mitigación</div>\r\n                <div class=\"ref ref-perdidas\">Perdidas y daños</div>\r\n            </td>\r\n            <td>21 Septiembre 2016</td>\r\n            <td><a href=\"https://unfccc.int/sites/default/files/17112016%20NDC%20Revisada%202016.pdf\" target=\"_blank\" class=\"btn btn-azul-claro btn-icon icon-download\" download>Descargá</a></td>\r\n        </tr>\r\n        <tr>\r\n            <td>Argnc3.pdf (TERCERA COMUNICACIÓN NACIONAL DE LA REPUBLICA ARGENTINA)</td>\r\n            <td>\r\n                <div class=\"ref ref-adaptacion\">Adaptación</div>\r\n                <div class=\"ref ref-mitigacion\">Mitigación</div>\r\n                <div class=\"ref ref-perdidas\">Perdidas y daños</div>\r\n            </td>\r\n            <td>Noviembre 2015</td>\r\n            <td><a href=\"https://unfccc.int/sites/default/files/resource/Argnc3.pdf\" target=\"_blank\" class=\"btn btn-azul-claro btn-icon icon-download\" download>Descargá</a></td>\r\n        </tr>\r\n        <tr>\r\n            <td>INDC Argentina.pdf (CONTRIBUCIÓN PREVISTA Y DETERMINADA A NIVEL NACIONAL)</td>\r\n            <td>\r\n                <div class=\"ref ref-adaptacion\">Adaptación</div>\r\n                <div class=\"ref ref-mitigacion\">Mitigación</div>\r\n                <div class=\"ref ref-perdidas\">Perdidas y daños</div>\r\n            </td>\r\n            <td>Noviembre 2015</td>\r\n            <td><a href=\"https://www4.unfccc.int/sites/submissions/INDC/Published%20Documents/Argentina/1/INDC%20Argentina.pdf\" target=\"_blank\" class=\"btn btn-azul-claro btn-icon icon-download\" download>Descargá</a></td>\r\n        </tr>\r\n        <tr>\r\n            <td>ARGBUR1.pdf (PRIMER REPORTE BIENAL DE ACTUALIZACION)</td>\r\n            <td>\r\n                <div class=\"ref ref-adaptacion\">Adaptación</div>\r\n                <div class=\"ref ref-mitigacion\">Mitigación</div>\r\n                <div class=\"ref ref-perdidas\">Perdidas y daños</div>\r\n            </td>\r\n            <td>Noviembre 2015</td>\r\n            <td><a href=\"https://unfccc.int/sites/default/files/resource/ARGBUR1.pdf\" target=\"_blank\" class=\"btn btn-azul-claro btn-icon icon-download\" download>Descargá</a></td>\r\n        </tr>\r\n        <tr>\r\n            <td>Argentina SNC_Spanish_7 March 2008.pdf (2da Comunicación Nacional de la República Argentina)</td>\r\n            <td>\r\n                <div class=\"ref ref-adaptacion\">Adaptación</div>\r\n                <div class=\"ref ref-mitigacion\">Mitigación</div>\r\n                <div class=\"ref ref-perdidas\">Perdidas y daños</div>\r\n            </td>\r\n            <td>7 Marzo 2008</td>\r\n            <td><a href=\"https://unfccc.int/sites/default/files/resource/Argentina%20SNC_Spanish_7%20March%202008.pdf\" target=\"_blank\" class=\"btn btn-azul-claro btn-icon icon-download\" download>Descargá</a></td>\r\n        </tr>\r\n        <tr>\r\n            <td>Revision-spanish.pdf (Revisión de la Primera Comunicación del Gobierno de la República Argentina)</td>\r\n            <td>\r\n                <div class=\"ref ref-adaptacion\">Adaptación</div>\r\n                <div class=\"ref ref-mitigacion\">Mitigación</div>\r\n                <div class=\"ref ref-perdidas\">Perdidas y daños</div>\r\n            </td>\r\n            <td>1997 y 1999</td>\r\n            <td><a href=\"https://unfccc.int/sites/default/files/resource/Revision-spanish.pdf\" target=\"_blank\" class=\"btn btn-azul-claro btn-icon icon-download\" download>Descargá</a></td>\r\n        </tr>\r\n        \r\n    </tbody>\r\n</table>\r\n\r\n</div>", "post": 9, "date": "2025-02-16T23:33:51.174Z", "user": 1, "short": "A partir de la adopción de la Convención Marco de Naciones Unidas sobre Cambio Climático (CMNUCC) en 1992, se han desarrollado sucesivas reuniones a través de la Conferencia de las Partes (COP, por sus siglas en inglés), que es el órgano principal de toma de decisiones de la Convención."}}, {"model": "main.postversion", "pk": 74, "fields": {"lang": "es", "title": "¿Qué es el cambio climático?", "body": "El cambio climático es una variación persistente del clima atribuida, directa o indirectamente, a la actividad humana durante períodos de tiempo comparables, y adicional a la variabilidad climática natural, observada por cambios del equilibrio entre la energía solar entrante y la energía reemitida por la Tierra hacia el espacio.\r\n\r\nEl cambio climático se debe principalmente al aumento de la concentración atmosférica de los gases de efecto invernadero (GEI) por encima de los niveles naturales. La generación de energía, la quema de combustibles fósiles, la generación de residuos sólidos, la agricultura, la ganadería y la deforestación, entre otras actividades antropogénicas, contribuyen al aumento de emisiones de GEI, incrementando así el efecto invernadero y causando el cambio climático.\r\n\r\n## ¿Qué es el efecto invernadero? ¿Cuáles son los gases que lo generan?\r\n\r\nEl efecto invernadero es un proceso natural por el cual los gases que están presentes en la atmósfera retienen la radiación que la Tierra refleja al espacio. Esta emisión de la Tierra es producto del calentamiento de su superficie por la incidencia de la radiación solar (ver ilustración). Así, el efecto invernadero hace que la temperatura media de la Tierra sea de alrededor de 33 °C mayor que si este proceso no ocurriera.\r\n\r\nLa superficie terrestre, los océanos y los hielos son calentados directamente por el Sol, absorbiendo parte de la energía recibida. Una fracción de la misma es devuelta hacia la atmósfera en forma de energía infrarroja siendo retenida momentáneamente por el vapor de agua, el dióxido de carbono (CO2), el metano (CH) y otros gases, como los hidrofluorocarbonos (HFC), los perfluorocarbonos (PFC), el óxido nitroso (N2O) y el hexafluoruro de azufre (SF), entre los más importantes. Los gases que tienen esta propiedad se denominan GEI.\r\n\r\n![Gases de efecto invernadero][1]\r\n\r\n## ¿Qué es el potencial de calentamiento global?\r\n\r\nEl potencial de calentamiento global (GWP, por sus siglas en inglés) es una medida de la capacidad que tienen diferentes GEI de retener el calor en la atmósfera, ya que no todos los gases absorben la radiación infrarroja de la misma manera ni todos tienen igual vida media en la atmósfera.\r\n\r\nEl gas utilizado como referencia para medir otros GEI es el CO2, por lo que su potencial de calentamiento global es igual a 1. Cuanto más alto sea el GWP que tiene un gas, mayor será su capacidad de retención de calor en la atmósfera.\r\n## Amenazas proyectadas\r\n\r\nLos impactos asociados al cambio climático son las consecuencias observadas en los sistemas humanos y naturales, mientras que los riesgos son las proyectadas.\r\n\r\nEn la Tercera Comunicación Nacional se analizaron los impactos observados y riesgos esperados para nuestro país. \r\n\r\n![Amenazas proyectadas][2]\r\n\r\n\r\n  [1]: /media/pagedown-uploads/gases-de-efecto-invernadero-gei.png\r\n  [2]: /media/pagedown-uploads/amenazas-proyectadas.png", "post": 16, "date": "2025-02-16T23:38:17.173Z", "user": 1, "short": "El cambio climático se refiere a una variación significativa en los componentes del clima cuando se comparan períodos prolongados, pudiendo ser décadas o más."}}, {"model": "main.postversion", "pk": 75, "fields": {"lang": "es", "title": "Marco Nacional", "body": "", "post": 6, "date": "2025-02-16T23:40:28.448Z", "user": 1, "short": "La Argentina impulsa la acción climática por medio de la Adaptación, Mitigación y Pérdidas y Daños en cumplimiento con la Ley Nacional N° 27.520 y los acuerdos internacionales suscriptos"}}, {"model": "main.postversion", "pk": 76, "fields": {"lang": "es", "title": "Marco internacional", "body": "A partir de la adopción de la Convención Marco de Naciones Unidas sobre Cambio Climático (CMNUCC) en 1992, se han desarrollado sucesivas reuniones a través de la Conferencia de las Partes (COP, por sus siglas en inglés), que es el órgano principal de toma de decisiones de la Convención. En este contexto, se alcanzó un gran avance con la firma del Acuerdo de París, uno de los logros más importantes en el año 2015\\.\r\n\r\nEn estas reuniones, los Estados parte establecen compromisos, responsabilidades y evalúan el progreso de las medidas adoptadas. \r\n\r\nArgentina asumió diversos compromisos nacionales para el país, como la elaboración de reportes internacionales ante la Convención.\r\n\r\n### CMNUCC\r\nLa Convención Marco de Naciones Unidas sobre Cambio Climático (CMNUCC), adoptada en Río en junio de 1992 y ratificada por Argentina mediante la Ley n.º 24.295, establece los esfuerzos intergubernamentales para abordar el cambio climático global.   \r\nEs el órgano supremo de toma de decisiones de la CMNUCC es la Conferencia de las Partes (COP, por sus siglas en inglés), en la cual se encuentran representados todos los Estados que ratificaron la Convención y en donde se reúne anualmente. En ella se examina la aplicación de la Convención y de cualquier otro instrumento jurídico que la COP adopte. Las Partes toman también las decisiones necesarias para promover su aplicación efectiva, incluidos los arreglos institucionales y administrativos. \r\n\r\n### Acuerdo de París\r\n\r\nEl 12 de diciembre de 2015, durante la COP21 en París, las Partes de la Convención Marco de las Naciones Unidas sobre el Cambio Climático acordaron un pacto histórico para combatir el cambio climático y promover un futuro sostenible con bajas emisiones de carbono. El Acuerdo de París, vigente desde el 4 de noviembre de 2016, busca limitar el aumento de la temperatura global por debajo de 2°C, con esfuerzos para reducirlo a 1,5°C. Los científicos, a través de los [reportes del IPCC](https://www.ipcc.ch/site/assets/uploads/sites/2/2019/09/IPCC-Special-Report-1.5-SPM_es.pdf), dejaron en claro que será necesario un gran cambio productivo y cultural para reducir el calentamiento global y evitar la ocurrencia de daños catastróficos e irreversibles. El artículo 4 del [Acuerdo de París](https://unfccc.int/sites/default/files/spanish_paris_agreement.pdf) insta a las Partes a comunicar estrategias a largo plazo para un desarrollo de bajas emisiones. Argentina ratificó el acuerdo en 2016 a través de la Ley 27270 y cumple con sus compromisos mediante la presentación de inventarios y contribuciones nacionales.\r\n\r\n<div class=\"post-table table-responsive-xxl table-internacional\">\r\n<table class=\"table\">\r\n    <thead>\r\n        <tr>\r\n            <th>Documento</th>\r\n            <th>Referencias</th>\r\n            <th>Fecha de presentación</th>\r\n            <th>Descarga</th>\r\n        </tr>\r\n    </thead>\r\n    <tbody>\r\n        <tr>\r\n            <td>IBT1 Argentina_2024.pdf</td>\r\n            <td>\r\n                <div class=\"ref ref-adaptacion\">Adaptación</div>\r\n                <div class=\"ref ref-mitigacion\">Mitigación</div>\r\n                <div class=\"ref ref-perdidas\">Perdidas y daños</div>\r\n            </td>\r\n            <td>13 Diciembre 2024</td>\r\n            <td><a href=\"https://unfccc.int/sites/default/files/resource/IBT1%20Argentina_2024.pdf\" target=\"_blank\" class=\"btn btn-azul-claro btn-icon icon-download\" download>Descargá</a></td>\r\n        </tr>\r\n        <tr>\r\n            <td>INI del IBT1_2024.pdf</td>\r\n            <td>\r\n                <div class=\"ref ref-adaptacion\">Adaptación</div>\r\n                <div class=\"ref ref-mitigacion\">Mitigación</div>\r\n                <div class=\"ref ref-perdidas\">Perdidas y daños</div>\r\n            </td>\r\n            <td>13 Diciembre 2024</td>\r\n            <td><a href=\"https://unfccc.int/sites/default/files/resource/INI%20del%20IBT1_2024.pdf\" target=\"_blank\" class=\"btn btn-azul-claro btn-icon icon-download\" download>Descargá</a></td>\r\n        </tr>\r\n        <tr>\r\n            <td>5to Informe Bienal de Actualización de la República Argentina.pdf</td>\r\n            <td>\r\n                <div class=\"ref ref-adaptacion\">Adaptación</div>\r\n                <div class=\"ref ref-mitigacion\">Mitigación</div>\r\n                <div class=\"ref ref-perdidas\">Perdidas y daños</div>\r\n            </td>\r\n            <td>2023</td>\r\n            <td><a href=\"https://unfccc.int/sites/default/files/resource/5to%20Informe%20Bienal%20de%20Actualizaci%C3%B3n%20de%20la%20Rep%C3%BAblica%20Argentina.pdf\" target=\"_blank\" class=\"btn btn-azul-claro btn-icon icon-download\" download>Descargá</a></td>\r\n        </tr>\r\n        <tr>\r\n            <td>Informe nacional de inventario (IBA 5).pdf</td>\r\n            <td>\r\n                <div class=\"ref ref-adaptacion\">Adaptación</div>\r\n                <div class=\"ref ref-mitigacion\">Mitigación</div>\r\n                <div class=\"ref ref-perdidas\">Perdidas y daños</div>\r\n            </td>\r\n            <td>30 noviembre 2023</td>\r\n            <td><a href=\"https://unfccc.int/sites/default/files/resource/argentina-bur5.pdf\" target=\"_blank\" class=\"btn btn-azul-claro btn-icon icon-download\" download>Descargá</a></td>\r\n        </tr>\r\n        <tr>\r\n            <td>Informe Nacional de Inventario del IBA 4_0.pdf</td>\r\n            <td>\r\n                <div class=\"ref ref-adaptacion\">Adaptación</div>\r\n                <div class=\"ref ref-mitigacion\">Mitigación</div>\r\n                <div class=\"ref ref-perdidas\">Perdidas y daños</div>\r\n            </td>\r\n            <td>2022</td>\r\n            <td><a href=\"https://unfccc.int/sites/default/files/resource/Informe%20Nacional%20de%20Inventario%20del%20IBA%204_0.pdf\" target=\"_blank\" class=\"btn btn-azul-claro btn-icon icon-download\" download>Descargá</a></td>\r\n        </tr>\r\n        <tr>\r\n            <td>Estrategia de desarrollo resiliente con bajas emisiones a largo plazo a 2050.pdf</td>\r\n            <td>\r\n                <div class=\"ref ref-adaptacion\">Adaptación</div>\r\n                <div class=\"ref ref-mitigacion\">Mitigación</div>\r\n                <div class=\"ref ref-perdidas\">Perdidas y daños</div>\r\n            </td>\r\n            <td>2022</td>\r\n            <td><a href=\"https://unfccc.int/sites/default/files/resource/Estrategia%20de%20desarrollo%20resiliente%20con%20bajas%20emisiones%20a%20largo%20plazo%20a%202050.pdf\" target=\"_blank\" class=\"btn btn-azul-claro btn-icon icon-download\" download>Descargá</a></td>\r\n        </tr>\r\n        <tr>\r\n            <td>Actualización meta de emisiones 2030.pdf</td>\r\n            <td>\r\n                <div class=\"ref ref-adaptacion\">Adaptación</div>\r\n                <div class=\"ref ref-mitigacion\">Mitigación</div>\r\n                <div class=\"ref ref-perdidas\">Perdidas y daños</div>\r\n            </td>\r\n            <td>Octubre 2021</td>\r\n            <td><a href=\"https://unfccc.int/sites/default/files/NDC/2022-05/Actualizacio%CC%81n%20meta%20de%20emisiones%202030.pdf\" target=\"_blank\" class=\"btn btn-azul-claro btn-icon icon-download\" download>Descargá</a></td>\r\n        </tr>\r\n        <tr>\r\n            <td>4to Informe Bienal de la República Argentina.pdf</td>\r\n            <td>\r\n                <div class=\"ref ref-adaptacion\">Adaptación</div>\r\n                <div class=\"ref ref-mitigacion\">Mitigación</div>\r\n                <div class=\"ref ref-perdidas\">Perdidas y daños</div>\r\n            </td>\r\n            <td>2021</td>\r\n            <td><a href=\"https://unfccc.int/sites/default/files/resource/4to%20Informe%20Bienal%20de%20la%20Rep%C3%BAblica%20Argentina.pdf\" target=\"_blank\" class=\"btn btn-azul-claro btn-icon icon-download\" download>Descargá</a></td>\r\n        </tr>\r\n        <tr>\r\n            <td>Anexo Técnico REDD 2 de la República Argentina.pdf</td>\r\n            <td>\r\n                <div class=\"ref ref-adaptacion\">Adaptación</div>\r\n                <div class=\"ref ref-mitigacion\">Mitigación</div>\r\n                <div class=\"ref ref-perdidas\">Perdidas y daños</div>\r\n            </td>\r\n            <td>2021</td>\r\n            <td><a href=\"https://unfccc.int/sites/default/files/resource/Anexo%20T%C3%A9cnico%20REDD%20%202%20de%20la%20Rep%C3%BAblica%20Argentina.pdf\" target=\"_blank\" class=\"btn btn-azul-claro btn-icon icon-download\" download>Descargá</a></td>\r\n        </tr>\r\n        <tr>\r\n            <td>Argentina_Segunda Contribución Nacional.pdf</td>\r\n            <td>\r\n                <div class=\"ref ref-adaptacion\">Adaptación</div>\r\n                <div class=\"ref ref-mitigacion\">Mitigación</div>\r\n                <div class=\"ref ref-perdidas\">Perdidas y daños</div>\r\n            </td>\r\n            <td>Diciembre 2020</td>\r\n            <td><a href=\"https://unfccc.int/sites/default/files/NDC/2022-06/Argentina_Segunda%20Contribuci%C3%B3n%20Nacional.pdf\" target=\"_blank\" class=\"btn btn-azul-claro btn-icon icon-download\" download>Descargá</a></td>\r\n        </tr>\r\n        <tr>\r\n            <td>2da Comunicación Nacional de la República Argentina</td>\r\n            <td>\r\n                <div class=\"ref ref-adaptacion\">Adaptación</div>\r\n                <div class=\"ref ref-mitigacion\">Mitigación</div>\r\n                <div class=\"ref ref-perdidas\">Perdidas y daños</div>\r\n            </td>\r\n            <td>Diciembre 2020</td>\r\n            <td><a href=\"https://unfccc.int/sites/default/files/resource/Argentina%20SNC_Spanish_7%20March%202008.pdf\" target=\"_blank\" class=\"btn btn-azul-claro btn-icon icon-download\" download>Descargá</a></td>\r\n        </tr>\r\n        <tr>\r\n            <td>92814035_Argentina-BUR3-1-INFORME NACIONAL DE INVENTARIO DE GEI DE LA REPUBLICA ARGENTINA.pdf</td>\r\n            <td>\r\n                <div class=\"ref ref-adaptacion\">Adaptación</div>\r\n                <div class=\"ref ref-mitigacion\">Mitigación</div>\r\n                <div class=\"ref ref-perdidas\">Perdidas y daños</div>\r\n            </td>\r\n            <td>Diciembre 2020</td>\r\n            <td><a href=\"https://unfccc.int/sites/default/files/resource/92814035_Argentina-BUR3-1-INFORME%20NACIONAL%20DE%20INVENTARIO%20DE%20GEI%20DE%20LA%20REPUBLICA%20ARGENTINA.pdf\" target=\"_blank\" class=\"btn btn-azul-claro btn-icon icon-download\" download>Descargá</a></td>\r\n        </tr>\r\n        <tr>\r\n            <td>3er Informe Bienal de la Republica Argentina.pdf</td>\r\n            <td>\r\n                <div class=\"ref ref-adaptacion\">Adaptación</div>\r\n                <div class=\"ref ref-mitigacion\">Mitigación</div>\r\n                <div class=\"ref ref-perdidas\">Perdidas y daños</div>\r\n            </td>\r\n            <td>Octubre 2019</td>\r\n            <td><a href=\"https://unfccc.int/sites/default/files/resource/3er%20Informe%20Bienal%20de%20la%20Republica%20Argentina.pdf\" target=\"_blank\" class=\"btn btn-azul-claro btn-icon icon-download\" download>Descargá</a></td>\r\n        </tr>\r\n        <tr>\r\n            <td>2019_nref_argentina_resubmission_oct_final.pdf (NIVEL DE REFERENCIA DE EMISIONES FORESTALES DE LA REPÚBLICA ARGENTINA)</td>\r\n            <td>\r\n                <div class=\"ref ref-adaptacion\">Adaptación</div>\r\n                <div class=\"ref ref-mitigacion\">Mitigación</div>\r\n                <div class=\"ref ref-perdidas\">Perdidas y daños</div>\r\n            </td>\r\n            <td>Octubre 2019</td>\r\n            <td><a href=\"https://redd.unfccc.int/media/2019_nref_argentina_resubmission_oct_final.pdf\" target=\"_blank\" class=\"btn btn-azul-claro btn-icon icon-download\" download>Descargá</a></td>\r\n        </tr>\r\n        <tr>\r\n            <td>134785_Argentina-BUR3-1-Anexo Tecnico REDD de la Republica Argentina.pdf</td>\r\n            <td>\r\n                <div class=\"ref ref-adaptacion\">Adaptación</div>\r\n                <div class=\"ref ref-mitigacion\">Mitigación</div>\r\n                <div class=\"ref ref-perdidas\">Perdidas y daños</div>\r\n            </td>\r\n            <td>Octubre 2019</td>\r\n            <td><a href=\"https://unfccc.int/sites/default/files/resource/134785_Argentina-BUR3-1-Anexo%20Tecnico%20REDD%20de%20la%20Republica%20Argentina.pdf\" target=\"_blank\" class=\"btn btn-azul-claro btn-icon icon-download\" download>Descargá</a></td>\r\n        </tr>\r\n        <tr>\r\n            <td>2doBUR - Argentina.pdf (SEGUNDO INFORME BIENAL DE ACTUALIZACIÓN DE LA REPÚBLICA ARGENTINA A LA CONVENCIÓN MARCO DE LAS NACIONES UNIDAS SOBRE EL CAMBIO CLIMÁTICO)</td>\r\n            <td>\r\n                <div class=\"ref ref-adaptacion\">Adaptación</div>\r\n                <div class=\"ref ref-mitigacion\">Mitigación</div>\r\n                <div class=\"ref ref-perdidas\">Perdidas y daños</div>\r\n            </td>\r\n            <td>2027</td>\r\n            <td><a href=\"https://unfccc.int/sites/default/files/resource/2doBUR%20-%20Argentina.pdf\" target=\"_blank\" class=\"btn btn-azul-claro btn-icon icon-download\" download>Descargá</a></td>\r\n        </tr>\r\n        <tr>\r\n            <td>17112016 NDC Revisada 2016.pdf (Argentina - Primera Revisión de su Contribución Determinada a Nivel Nacional)</td>\r\n            <td>\r\n                <div class=\"ref ref-adaptacion\">Adaptación</div>\r\n                <div class=\"ref ref-mitigacion\">Mitigación</div>\r\n                <div class=\"ref ref-perdidas\">Perdidas y daños</div>\r\n            </td>\r\n            <td>21 Septiembre 2016</td>\r\n            <td><a href=\"https://unfccc.int/sites/default/files/17112016%20NDC%20Revisada%202016.pdf\" target=\"_blank\" class=\"btn btn-azul-claro btn-icon icon-download\" download>Descargá</a></td>\r\n        </tr>\r\n        <tr>\r\n            <td>Argnc3.pdf (TERCERA COMUNICACIÓN NACIONAL DE LA REPUBLICA ARGENTINA)</td>\r\n            <td>\r\n                <div class=\"ref ref-adaptacion\">Adaptación</div>\r\n                <div class=\"ref ref-mitigacion\">Mitigación</div>\r\n                <div class=\"ref ref-perdidas\">Perdidas y daños</div>\r\n            </td>\r\n            <td>Noviembre 2015</td>\r\n            <td><a href=\"https://unfccc.int/sites/default/files/resource/Argnc3.pdf\" target=\"_blank\" class=\"btn btn-azul-claro btn-icon icon-download\" download>Descargá</a></td>\r\n        </tr>\r\n        <tr>\r\n            <td>INDC Argentina.pdf (CONTRIBUCIÓN PREVISTA Y DETERMINADA A NIVEL NACIONAL)</td>\r\n            <td>\r\n                <div class=\"ref ref-adaptacion\">Adaptación</div>\r\n                <div class=\"ref ref-mitigacion\">Mitigación</div>\r\n                <div class=\"ref ref-perdidas\">Perdidas y daños</div>\r\n            </td>\r\n            <td>Noviembre 2015</td>\r\n            <td><a href=\"https://www4.unfccc.int/sites/submissions/INDC/Published%20Documents/Argentina/1/INDC%20Argentina.pdf\" target=\"_blank\" class=\"btn btn-azul-claro btn-icon icon-download\" download>Descargá</a></td>\r\n        </tr>\r\n        <tr>\r\n            <td>ARGBUR1.pdf (PRIMER REPORTE BIENAL DE ACTUALIZACION)</td>\r\n            <td>\r\n                <div class=\"ref ref-adaptacion\">Adaptación</div>\r\n                <div class=\"ref ref-mitigacion\">Mitigación</div>\r\n                <div class=\"ref ref-perdidas\">Perdidas y daños</div>\r\n            </td>\r\n            <td>Noviembre 2015</td>\r\n            <td><a href=\"https://unfccc.int/sites/default/files/resource/ARGBUR1.pdf\" target=\"_blank\" class=\"btn btn-azul-claro btn-icon icon-download\" download>Descargá</a></td>\r\n        </tr>\r\n        <tr>\r\n            <td>Argentina SNC_Spanish_7 March 2008.pdf (2da Comunicación Nacional de la República Argentina)</td>\r\n            <td>\r\n                <div class=\"ref ref-adaptacion\">Adaptación</div>\r\n                <div class=\"ref ref-mitigacion\">Mitigación</div>\r\n                <div class=\"ref ref-perdidas\">Perdidas y daños</div>\r\n            </td>\r\n            <td>7 Marzo 2008</td>\r\n            <td><a href=\"https://unfccc.int/sites/default/files/resource/Argentina%20SNC_Spanish_7%20March%202008.pdf\" target=\"_blank\" class=\"btn btn-azul-claro btn-icon icon-download\" download>Descargá</a></td>\r\n        </tr>\r\n        <tr>\r\n            <td>Revision-spanish.pdf (Revisión de la Primera Comunicación del Gobierno de la República Argentina)</td>\r\n            <td>\r\n                <div class=\"ref ref-adaptacion\">Adaptación</div>\r\n                <div class=\"ref ref-mitigacion\">Mitigación</div>\r\n                <div class=\"ref ref-perdidas\">Perdidas y daños</div>\r\n            </td>\r\n            <td>1997 y 1999</td>\r\n            <td><a href=\"https://unfccc.int/sites/default/files/resource/Revision-spanish.pdf\" target=\"_blank\" class=\"btn btn-azul-claro btn-icon icon-download\" download>Descargá</a></td>\r\n        </tr>\r\n        \r\n    </tbody>\r\n</table>\r\n\r\n</div>", "post": 9, "date": "2025-02-16T23:41:33.965Z", "user": 1, "short": "Argentina asumió compromisos nacionales, como la presentación de reportes internacionales ante la Convención."}}, {"model": "main.postversion", "pk": 77, "fields": {"lang": "es", "title": "Sectores en la acción climática", "body": "", "post": 32, "date": "2025-02-16T23:43:48.583Z", "user": 1, "short": ""}}, {"model": "main.postversion", "pk": 78, "fields": {"lang": "es", "title": "Plan Nacional de Adaptación y Mitigación del Cambio Climático", "body": "El Plan Nacional de Adaptación y Mitigación al Cambio Climático al 2030 sintetiza las políticas del país para limitar las emisiones de Gases de Efecto Invernadero (GEI) y generar respuestas coordinadas que adapten a los territorios, ecosistemas, sectores y comunidades vulnerables frente a los impactos del cambio climático.\r\n\r\nSu contenido va en línea con los compromisos climáticos asumidos por la Argentina en el plano nacional e internacional, y resulta del trabajo conjunto desde el Gabinete Nacional de Cambio Climático, un espacio consolidado a partir de la Ley n.° 27.520 de Presupuestos Mínimos de Adaptación y Mitigación al Cambio Climático Global.\r\n\r\n## ¿Quiénes participaron de su elaboración?\r\n\r\nTodos los ministerios nacionales, a través de Reuniones de Ministros y Ministras y de la Mesas de Puntos Focales del GNCC.\r\n\r\nLas 24 jurisdicciones, por medio de la Mesa de Articulación Provincial del GNCC, con aportes enfocados principalmente en el componente de adaptación y las prioridades de desarrollo regionales.\r\n\r\nRepresentantes de la comunidad científica, organizaciones ambientales, universidades y entidades académicas, entidades empresariales, partidos políticos, sindicatos y pueblos originarios, a través de la Mesa Ampliada y del Consejo Asesor Externo del GNCC.\r\n\r\n## ¿Cuál es su objetivo?\r\n\r\nA través del plan, el país detalla los medios y acciones a llevar adelante para alcanzar las metas de adaptación y mitigación planteadas en su Segunda NDC (Contribución Determinada a Nivel Nacional) y su actualización.\r\n\r\nMeta de mitigación: no exceder la emisión neta de 349 MtCO2e para 2030, objetivo aplicable a todos los sectores de la economía.\r\n\r\nMeta de adaptación: construir capacidades, fortalecer la resiliencia y disminuir la vulnerabilidad frente al cambio climático, en los distintos gobiernos locales y sectores, a través de medidas que prioricen a las comunidades y los grupos sociales en situación de vulnerabilidad, y que incorporen el enfoque de género y la equidad intergeneracional.\r\n\r\n## El Plan en números\r\n### 6 líneas estratégicas\r\n\r\n* Transición energética, donde se promueve tanto la eficiencia energética como la transformación hacia una matriz más limpia y resiliente.\r\n\r\n* Transición productiva, con medidas para desarrollar cadenas de valor nacionales, fomentar la economía circular, vincular la gestión del riesgo climático a la planificación productiva e impulsar la innovación de procesos.\r\n\r\n* Movilidad sostenible, donde se presentan medidas para adaptar la infraestructura y operación del transporte ante el cambio climático, planificar la movilidad urbana, hacer un uso eficiente de la energía y contribuir al reemplazo progresivo de los combustibles fósiles.\r\n\r\n* Territorios sostenibles y resilientes, que incluye acciones para fortalecer la sostenibilidad de la vivienda y la resiliencia de la infraestructura, prevenir eventos extremos y mejorar las herramientas de gestión de residuos y efluentes.\r\n\r\n* Conservación de la biodiversidad y bienes comunes, con medidas para fortalecer el rol de los ecosistemas en la mitigación y absorción de gases de efecto invernadero, hacer un Ordenamiento Ambiental del Territorio y restaurar y conservar ecosistemas.\r\n\r\n* Gestión sostenible de los sistemas alimentarios y bosques, que incluye medidas para promover la conservación de suelos, impulsar el uso sostenible de los bosques nativos, aumentar la diversificación y eficiencia productiva y gestionar los riesgos climáticos agroforestales y pesqueros.\r\n\r\n### 4 enfoques transversales\r\n* Género y Diversidades \r\n* Gestión integral del riesgo\r\n* Salud\r\n* Transición laboral justa\r\n\r\n### 250 medidas\r\n### 8600 personas involucradas durante el proceso de elaboración", "post": 33, "date": "2025-02-16T23:54:04.794Z", "user": 1, "short": "El Plan Nacional de Adaptación y Mitigación al Cambio Climático al 2030 sintetiza las políticas del país para limitar las emisiones de Gases de Efecto Invernadero (GEI) y generar respuestas coordinadas que adapten a los territorios, ecosistemas, sectores y comunidades vulnerables frente a los impactos del cambio climático."}}, {"model": "main.postversion", "pk": 79, "fields": {"lang": "es", "title": "Plan Nacional de Adaptación y Mitigación del Cambio Climático", "body": "El Plan Nacional de Adaptación y Mitigación al Cambio Climático al 2030 sintetiza las políticas del país para limitar las emisiones de Gases de Efecto Invernadero (GEI) y generar respuestas coordinadas que adapten a los territorios, ecosistemas, sectores y comunidades vulnerables frente a los impactos del cambio climático.\r\n\r\nSu contenido va en línea con los compromisos climáticos asumidos por la Argentina en el plano nacional e internacional, y resulta del trabajo conjunto desde el Gabinete Nacional de Cambio Climático, un espacio consolidado a partir de la Ley n.° 27.520 de Presupuestos Mínimos de Adaptación y Mitigación al Cambio Climático Global.\r\n\r\n## ¿Quiénes participaron de su elaboración?\r\n\r\nTodos los ministerios nacionales, a través de Reuniones de Ministros y Ministras y de la Mesas de Puntos Focales del GNCC.\r\n\r\nLas 24 jurisdicciones, por medio de la Mesa de Articulación Provincial del GNCC, con aportes enfocados principalmente en el componente de adaptación y las prioridades de desarrollo regionales.\r\n\r\nRepresentantes de la comunidad científica, organizaciones ambientales, universidades y entidades académicas, entidades empresariales, partidos políticos, sindicatos y pueblos originarios, a través de la Mesa Ampliada y del Consejo Asesor Externo del GNCC.\r\n\r\n## ¿Cuál es su objetivo?\r\n\r\nA través del plan, el país detalla los medios y acciones a llevar adelante para alcanzar las metas de adaptación y mitigación planteadas en su Segunda NDC (Contribución Determinada a Nivel Nacional) y su actualización.\r\n\r\nMeta de mitigación: no exceder la emisión neta de 349 MtCO2e para 2030, objetivo aplicable a todos los sectores de la economía.\r\n\r\nMeta de adaptación: construir capacidades, fortalecer la resiliencia y disminuir la vulnerabilidad frente al cambio climático, en los distintos gobiernos locales y sectores, a través de medidas que prioricen a las comunidades y los grupos sociales en situación de vulnerabilidad, y que incorporen el enfoque de género y la equidad intergeneracional.\r\n\r\n## El Plan en números\r\n### 6 líneas estratégicas\r\n\r\n* Transición energética, donde se promueve tanto la eficiencia energética como la transformación hacia una matriz más limpia y resiliente.\r\n\r\n* Transición productiva, con medidas para desarrollar cadenas de valor nacionales, fomentar la economía circular, vincular la gestión del riesgo climático a la planificación productiva e impulsar la innovación de procesos.\r\n\r\n* Movilidad sostenible, donde se presentan medidas para adaptar la infraestructura y operación del transporte ante el cambio climático, planificar la movilidad urbana, hacer un uso eficiente de la energía y contribuir al reemplazo progresivo de los combustibles fósiles.\r\n\r\n* Territorios sostenibles y resilientes, que incluye acciones para fortalecer la sostenibilidad de la vivienda y la resiliencia de la infraestructura, prevenir eventos extremos y mejorar las herramientas de gestión de residuos y efluentes.\r\n\r\n* Conservación de la biodiversidad y bienes comunes, con medidas para fortalecer el rol de los ecosistemas en la mitigación y absorción de gases de efecto invernadero, hacer un Ordenamiento Ambiental del Territorio y restaurar y conservar ecosistemas.\r\n\r\n* Gestión sostenible de los sistemas alimentarios y bosques, que incluye medidas para promover la conservación de suelos, impulsar el uso sostenible de los bosques nativos, aumentar la diversificación y eficiencia productiva y gestionar los riesgos climáticos agroforestales y pesqueros.\r\n\r\n### 4 enfoques transversales\r\n\r\n* Género y Diversidades \r\n\r\n* Gestión integral del riesgo\r\n\r\n* Salud\r\n\r\n* Transición laboral justa\r\n\r\n### 250 medidas\r\n### 8600 personas involucradas durante el proceso de elaboración", "post": 33, "date": "2025-02-16T23:54:45.205Z", "user": 1, "short": "El Plan Nacional de Adaptación y Mitigación al Cambio Climático al 2030 sintetiza las políticas del país para limitar las emisiones de Gases de Efecto Invernadero (GEI) y generar respuestas coordinadas que adapten a los territorios, ecosistemas, sectores y comunidades vulnerables frente a los impactos del cambio climático."}}, {"model": "main.postversion", "pk": 80, "fields": {"lang": "es", "title": "Gabinete Nacional de Cambio Climático", "body": "![gncc][1]\r\n\r\nEn diciembre de 2019 se publicó la Ley n.° 27520 de Presupuestos Mínimos de Adaptación y Mitigación al Cambio Climático Global para garantizar acciones, instrumentos y estrategias adecuadas de mitigación y adaptación al cambio climático en todo el territorio nacional.\r\n\r\nPara alcanzar los objetivos establecidos, en el artículo 2 de dicha ley se crea el Gabinete Nacional de Cambio Climático (GNCC) que tiene como fin articular entre las distintas áreas de gobierno de la Administración Pública Nacional, el [Consejo Federal de Medio Ambiente][2] y distintos actores de la sociedad civil, el diseño de políticas públicas consensuadas, con una mirada estratégica para reducir las emisiones de Gases de Efecto Invernadero (GEI) y generar respuestas coordinadas para la adaptación de sectores vulnerables a los impactos del cambio climático. Como resultado de esta articulación, la ley establece que se desarrollará e implementará el Plan Nacional de Adaptación y Mitigación al Cambio Climático.\r\n\r\nAdemás, la Ley n.° 27520 establece la creación de un Consejo Asesor Externo integrado por investigadores e investigadoras, sindicatos, comunidades y pueblos indígenas, representantes de organizaciones ambientales, universidades, entidades académicas y empresariales, centros de investigación públicos y privados, y representantes de partidos políticos con representación parlamentaria, entre otros. Su función principal es garantizar la participación ciudadana para asistir y asesorar en la elaboración de las políticas públicas de cambio climático en todo el territorio nacional y priorizar las necesidades de los grupos sociales más vulnerables a los impactos climáticos.\r\n\r\nLa subsecretaría de ambiente, como autoridad de aplicación de la ley ha establecido cuatro instancias de trabajo que conforman el Gabinete Nacional de Cambio Climático:\r\n\r\n * Reuniones de Ministros\r\n\r\n * Mesas de Puntos Focales  \r\n\r\n * Mesas de Articulación Provincial\r\n\r\n * Mesas Ampliadas\r\n\r\n##Reunión de Ministros\r\nEsta instancia de trabajo se encuentra establecida en los artículos 7 y 8 de la Ley de Presupuestos Mínimos de Adaptación y Mitigación al Cambio Climático Global. Tiene como objetivo principal la definición de los lineamientos estratégicos de cambio climático, como así también la presentación, actualización y validación de actividades y resultados.\r\n\r\nEn esta Mesa se definen las acciones que desarrollará cada organismo nacional para elaborar e implementar el Plan Nacional de Adaptación y Mitigación del Cambio Climático. También se planifican la incorporación de acciones para la mitigación y adaptación al cambio climático en las planificaciones y estrategias de cada organismo.\r\n\r\nParticipan en esta instancia de trabajo el Jefe de Gabinete de Ministros y las máximas autoridades de las áreas de gobierno.\r\n\r\n\r\n##Mesas de Articulación Provincial\r\nEstas mesas tienen el objetivo de coordinar acciones entre Nación y las provincias, y retroalimentar el trabajo que se lleva a cabo en materia de adaptación y mitigación en cada jurisdicción. De esta manera, se aborda de forma conjunta, entre el Coordinador Técnico Administrativo, la Secretaría de Cambio Climático, Desarrollo Sostenible e Innovación, y la Comisión de Cambio Climático del Consejo Federal de Medio Ambiente, los planes de respuesta al cambio climático. \r\n\r\n##Mesas de Puntos Focales\r\nPara trabajar a nivel técnico en la elaboración, implementación y análisis de las medidas de adaptación y mitigación del Plan Nacional de Adaptación y Mitigación del Cambio Climático se convoca a las Mesas de Puntos Focales, integradas por aquellas personas designadas por las autoridades que formen parte de la Mesa de Ministros. \r\n\r\n##Mecanismos de participación ciudadana:\r\nEl siguiente mecanismo de participación ciudadana e institucional fue diseñado por la Coordinación Técnica Administrativa del Gabinete Nacional de Cambio Climático que depende de la Secretaría de Cambio Climático, Desarrollo Sostenible e Innovación, con el propósito de incluir las diversas sugerencias, comentarios y visiones de la sociedad civil en la política climática de la Argentina.\r\n\r\nEl mecanismo es abierto para todas las organizaciones de la sociedad civil, redes de organizaciones, federaciones, sindicatos, universidades y académicos/as, grupos temáticos y todas aquellas organizaciones de jóvenes que deseen brindar sus aportes al diseño de la política climática nacional coordinada a través del Gabinete.\r\n\r\n###Objetivo general\r\nEl objetivo de este mecanismo es generar un canal de participación abierto y constante entre el Gabinete Nacional de Cambio Climático y la sociedad civil, que permita dar a conocer sus visiones, comentarios, prioridades, sugerencias y aportes para el diseño y ejecución de las políticas de Estado.\r\n\r\n###Objetivos específicos\r\n* Generar un canal de participación e involucramiento de la sociedad civil en la política climática nacional.\r\n* Valorizar el rol de la sociedad civil en el diseño y ejecución de la política climática de la Argentina.\r\n* Incluir los aportes y consideraciones de los diversos grupos, sectores y actores en los proyectos, acciones, estrategias sectoriales y transversales que se impulsen desde el gobierno nacional respecto de la acción climática.\r\n* Institucionalizar un espacio de intercambio en el marco de la Ley n.° 27520 de Presupuestos Mínimos de Adaptación y Mitigación al Cambio Climático Global.\r\n\r\n##Proceso\r\n###Mesa Ampliada\r\nEl objetivo de estas mesas es promover el debate con todos los actores interesados (sector académico, de los trabajadores, sociedad civil, representantes de partidos políticos, sindicatos, municipios, comunidades indígenas, sector privado, entre otros) respecto a cómo las temáticas transversales pueden permear el diseño y ejecución del Plan Nacional de Adaptación y Mitigación al Cambio Climático. En este ámbito se informan las actividades a nivel nacional y subnacional. También se reciben insumos que luego se compartirán como avances y resultados de la elaboración e implementación del Plan Nacional de Adaptación y Mitigación al Cambio Climático\r\n\r\n###Informes de Gestión\r\nPresentación de tabla a resolver con Federico y  el equipo técnico\r\n\r\n\r\n  [1]: /media/pagedown-uploads/gncc.png\r\n  [2]: https://www.argentina.gob.ar/cofema", "post": 5, "date": "2025-02-17T00:06:31.822Z", "user": 1, "short": "En diciembre de 2019 se publicó la Ley n.° 27520 de Presupuestos Mínimos de Adaptación y Mitigación al Cambio Climático Global para garantizar acciones, instrumentos y estrategias adecuadas de mitigación y adaptación al cambio climático en todo el territorio nacional."}}, {"model": "main.postversion", "pk": 81, "fields": {"lang": "es", "title": "Gabinete Nacional de Cambio Climático", "body": "![gncc][1]\r\n\r\nEn diciembre de 2019 se publicó la Ley n.° 27520 de Presupuestos Mínimos de Adaptación y Mitigación al Cambio Climático Global para garantizar acciones, instrumentos y estrategias adecuadas de mitigación y adaptación al cambio climático en todo el territorio nacional.\r\n\r\nPara alcanzar los objetivos establecidos, en el artículo 2 de dicha ley se crea el Gabinete Nacional de Cambio Climático (GNCC) que tiene como fin articular entre las distintas áreas de gobierno de la Administración Pública Nacional, el [Consejo Federal de Medio Ambiente][2] y distintos actores de la sociedad civil, el diseño de políticas públicas consensuadas, con una mirada estratégica para reducir las emisiones de Gases de Efecto Invernadero (GEI) y generar respuestas coordinadas para la adaptación de sectores vulnerables a los impactos del cambio climático. Como resultado de esta articulación, la ley establece que se desarrollará e implementará el Plan Nacional de Adaptación y Mitigación al Cambio Climático.\r\n\r\nAdemás, la Ley n.° 27520 establece la creación de un Consejo Asesor Externo integrado por investigadores e investigadoras, sindicatos, comunidades y pueblos indígenas, representantes de organizaciones ambientales, universidades, entidades académicas y empresariales, centros de investigación públicos y privados, y representantes de partidos políticos con representación parlamentaria, entre otros. Su función principal es garantizar la participación ciudadana para asistir y asesorar en la elaboración de las políticas públicas de cambio climático en todo el territorio nacional y priorizar las necesidades de los grupos sociales más vulnerables a los impactos climáticos.\r\n\r\nLa subsecretaría de ambiente, como autoridad de aplicación de la ley ha establecido cuatro instancias de trabajo que conforman el Gabinete Nacional de Cambio Climático:\r\n\r\n * Reuniones de Ministros\r\n\r\n * Mesas de Puntos Focales  \r\n\r\n * Mesas de Articulación Provincial\r\n\r\n * Mesas Ampliadas\r\n\r\n##Reunión de Ministros\r\nEsta instancia de trabajo se encuentra establecida en los artículos 7 y 8 de la Ley de Presupuestos Mínimos de Adaptación y Mitigación al Cambio Climático Global. Tiene como objetivo principal la definición de los lineamientos estratégicos de cambio climático, como así también la presentación, actualización y validación de actividades y resultados.\r\n\r\nEn esta Mesa se definen las acciones que desarrollará cada organismo nacional para elaborar e implementar el Plan Nacional de Adaptación y Mitigación del Cambio Climático. También se planifican la incorporación de acciones para la mitigación y adaptación al cambio climático en las planificaciones y estrategias de cada organismo.\r\n\r\nParticipan en esta instancia de trabajo el Jefe de Gabinete de Ministros y las máximas autoridades de las áreas de gobierno.\r\n\r\n\r\n##Mesas de Articulación Provincial\r\nEstas mesas tienen el objetivo de coordinar acciones entre Nación y las provincias, y retroalimentar el trabajo que se lleva a cabo en materia de adaptación y mitigación en cada jurisdicción. De esta manera, se aborda de forma conjunta, entre el Coordinador Técnico Administrativo, la Secretaría de Cambio Climático, Desarrollo Sostenible e Innovación, y la Comisión de Cambio Climático del Consejo Federal de Medio Ambiente, los planes de respuesta al cambio climático. \r\n\r\n##Mesas de Puntos Focales\r\nPara trabajar a nivel técnico en la elaboración, implementación y análisis de las medidas de adaptación y mitigación del Plan Nacional de Adaptación y Mitigación del Cambio Climático se convoca a las Mesas de Puntos Focales, integradas por aquellas personas designadas por las autoridades que formen parte de la Mesa de Ministros. \r\n\r\n##Mecanismos de participación ciudadana:\r\nEl siguiente mecanismo de participación ciudadana e institucional fue diseñado por la Coordinación Técnica Administrativa del Gabinete Nacional de Cambio Climático que depende de la Secretaría de Cambio Climático, Desarrollo Sostenible e Innovación, con el propósito de incluir las diversas sugerencias, comentarios y visiones de la sociedad civil en la política climática de la Argentina.\r\n\r\nEl mecanismo es abierto para todas las organizaciones de la sociedad civil, redes de organizaciones, federaciones, sindicatos, universidades y académicos/as, grupos temáticos y todas aquellas organizaciones de jóvenes que deseen brindar sus aportes al diseño de la política climática nacional coordinada a través del Gabinete.\r\n\r\n###Objetivo general\r\nEl objetivo de este mecanismo es generar un canal de participación abierto y constante entre el Gabinete Nacional de Cambio Climático y la sociedad civil, que permita dar a conocer sus visiones, comentarios, prioridades, sugerencias y aportes para el diseño y ejecución de las políticas de Estado.\r\n\r\n###Objetivos específicos\r\n* Generar un canal de participación e involucramiento de la sociedad civil en la política climática nacional.\r\n* Valorizar el rol de la sociedad civil en el diseño y ejecución de la política climática de la Argentina.\r\n* Incluir los aportes y consideraciones de los diversos grupos, sectores y actores en los proyectos, acciones, estrategias sectoriales y transversales que se impulsen desde el gobierno nacional respecto de la acción climática.\r\n* Institucionalizar un espacio de intercambio en el marco de la Ley n.° 27520 de Presupuestos Mínimos de Adaptación y Mitigación al Cambio Climático Global.\r\n\r\n##Proceso\r\n###Mesa Ampliada\r\nEl objetivo de estas mesas es promover el debate con todos los actores interesados (sector académico, de los trabajadores, sociedad civil, representantes de partidos políticos, sindicatos, municipios, comunidades indígenas, sector privado, entre otros) respecto a cómo las temáticas transversales pueden permear el diseño y ejecución del Plan Nacional de Adaptación y Mitigación al Cambio Climático. En este ámbito se informan las actividades a nivel nacional y subnacional. También se reciben insumos que luego se compartirán como avances y resultados de la elaboración e implementación del Plan Nacional de Adaptación y Mitigación al Cambio Climático\r\n\r\n\r\n  [1]: /media/pagedown-uploads/gncc.png\r\n  [2]: https://www.argentina.gob.ar/cofema", "post": 5, "date": "2025-02-17T00:07:26.723Z", "user": 1, "short": "En diciembre de 2019 se publicó la Ley n.° 27520 de Presupuestos Mínimos de Adaptación y Mitigación al Cambio Climático Global para garantizar acciones, instrumentos y estrategias adecuadas de mitigación y adaptación al cambio climático en todo el territorio nacional."}}, {"model": "main.postversion", "pk": 82, "fields": {"lang": "es", "title": "Ley N° 27.520", "body": "La Ley N° 27.520 de cambio climático nacional es una ley de presupuestos mínimos en el marco del articulo 41 de la Constitucion Nacional, sancionada en el año 2019. La misma impulsa las acciones, instrumentos y estrategias adecuadas de adaptación y mitigación al cambio climático en todo el territorio nacional.\r\n\r\nRatifica el rol de Gabinete Nacional (GNCC) como el espacio de gobernanza climática nacional para el desarrollo de las políticas y acciones climáticas de la Argentina, que garantiza la participación de todos los sectores y actores. Además, crea el Plan Nacional de Adaptación y Mitigación y los Planes de Respuesta Jurisdiccional. Es mediante dicha norma, que se formaliza la creación del Sistema Nacional de Información sobre Cambio Climático, garantizando el acceso a la información y la transparencia de datos climáticos.\r\n\r\n<p class=\"text-center\">\r\n<a href=\"https://www.argentina.gob.ar/normativa/nacional/ley-27520-333515\" class=\"btn btn-azul-claro btn-small\">Ley 27.520</a>\r\n</p>", "post": 18, "date": "2025-02-17T00:09:09.402Z", "user": 1, "short": "En el año 2019, el Congreso Nacional aprobó la Ley N° 27.520 de Presupuestos Mínimos de Adaptación y Mitigación al Cambio Climático Global."}}, {"model": "main.postversion", "pk": 83, "fields": {"lang": "es", "title": "Géneros y Diversidad", "body": "La perspectiva de géneros y diversidad es esencial para abordar de manera integral y con mayor justicia la acción climática, ya que reconoce los derechos de mujeres y personas LGBTI+ como pilares fundamentales para alcanzar la justicia social, ambiental y climática. Esta visión impulsa políticas climáticas que fortalecen la autonomía física, política y económica de estas poblaciones, garantizan condiciones de habitabilidad y acceso a recursos, y fomentan su participación activa en la toma de decisiones y en procesos de adaptación y mitigación.\r\n   \r\nEn línea con estos principios, Argentina ha integrado el enfoque de género y diversidad en su política climática nacional, destacándolo como eje rector en su Contribución Determinada a Nivel Nacional (NDC) y en el Plan Nacional de Adaptación y Mitigación al Cambio Climático 2030\\. Además, la elaboración de la Estrategia Nacional de Géneros, Diversidad y Cambio Climático busca institucionalizar este enfoque, promoviendo mecanismos de participación, formación técnico-profesional e inclusión laboral en sectores estratégicos, así como financiamiento de proyectos con perspectiva de género. Estas iniciativas no solo visibilizan las desigualdades en contexto de cambio climático, sino que también sientan las bases para construir soluciones inclusivas, resilientes y sostenibles.\r\n\r\nPodés obtener mayor información sobre el vínculo entre géneros y diversidad y  algunos sectores en contexto de cambio climático podes acceder a estos documentos sectoriales.\r\n\r\n\r\n| Sector | Manual | Infografía |\r\n| :---- | :---- | :---- |\r\n| **Agro y bosques** | **[Ver / Descargar](https://www.argentina.gob.ar/sites/default/files/manual_-_genero_sector_agro_1.pdf)** | **[Ver / Descargar](https://www.argentina.gob.ar/files/infografia-agro-y-bosquesjpg)** |\r\n| **Salud** | **[Ver / Descargar](https://www.argentina.gob.ar/sites/default/files/manual_-_genero_sector_salud_1.pdf)** | **[Ver / Descargar](https://www.argentina.gob.ar/files/infografia-saludjpg)** |\r\n| **Industria** | **[Ver / Descargar](https://www.argentina.gob.ar/sites/default/files/manual_-_genero_sector_industria_1.pdf)** | **[Ver / Descargar](https://www.argentina.gob.ar/files/infografia-industria2jpg)** |\r\n| **Energía** | **[Ver / Descargar](https://www.argentina.gob.ar/sites/default/files/manual_-_genero_sector_energia_1.pdf)** | **[Ver / Descargar](https://www.argentina.gob.ar/files/infografia-energiajpg)** |\r\n| **Transporte** | **[Ver / Descargar](https://www.argentina.gob.ar/sites/default/files/manual_-_genero_sector_transporte_2.pdf)** | **[Ver / Descargar](https://www.argentina.gob.ar/files/infografia-transportejpg)** |\r\n| **Turismo** | **[Ver / Descargar](https://www.argentina.gob.ar/sites/default/files/manual_-_genero_sector_turismo_1.pdf)** | **[Ver / Descargar](https://www.argentina.gob.ar/files/infografia-turismopng)** |", "post": 34, "date": "2025-02-17T03:30:40.976Z", "user": 1, "short": "La perspectiva de géneros y diversidad es esencial para abordar de manera integral y con mayor justicia la acción climática, ya que reconoce los derechos de mujeres y personas LGBTI+ como pilares fundamentales para alcanzar la justicia social, ambiental y climática."}}, {"model": "main.postversion", "pk": 84, "fields": {"lang": "es", "title": "Estrategia Nacional de Acción para el Empoderamiento  Climático", "body": "Argentina avanza en sus compromisos climáticos nacionales e internacionales. Desde la presentación de su segunda NDC en 2020, ha aumentado su ambición climática y promovido políticas públicas sobre cambio climático. Entre 2022 y 2023, desarrolló la primera Estrategia Nacional de Acción para el Empoderamiento Climático (EnACE) mediante un proceso participativo federal. La EnACE busca articular capacidades para impulsar acciones transformadoras frente al cambio climático, consolidando enfoques y acciones para empoderar a personas e instituciones en el país.\r\n\r\nLa estrategia surge de la importancia de un abordaje multisectorial y multiactoral, tanto privado como público, social y gubernamental, de la problemática del cambio climático. Se desarrolla en cumplimiento con lo establecido por la Ley Nro. 27.520 de “Presupuestos Mínimos de Adaptación y Mitigación al Cambio Climático Global”, que explicita la necesidad de preparar a la sociedad ante los cambios climáticos futuros, promocionar una nueva conciencia ambiental que reduzca los impactos y aumente la adaptación mediante la información, participación pública, la sensibilización y el fortalecimiento de capacidades.\r\n\r\nLa ENACE se basa en diversos instrumentos legales nacionales, como la Ley General del Ambiente N.º 25.675, que promueve la educación ambiental, la Ley de Presupuestos Mínimos de Cambio Climático N.º 27.520, la Ley \"Yolanda\" N.º 27.592 sobre capacitación en sostenibilidad para funcionarios públicos y la Ley de Educación Ambiental Integral N.º 27.621, que establece la Estrategia Nacional de Educación Ambiental Integral. A nivel regional, se vincula con el Acuerdo de Escazú, ratificado en 2021, que garantiza la participación pública en asuntos ambientales a través de un proceso participativo amplio.", "post": 35, "date": "2025-02-17T03:32:53.979Z", "user": 1, "short": ""}}, {"model": "main.postversion", "pk": 85, "fields": {"lang": "es", "title": "Estrategia Nacional de Acción para el Empoderamiento  Climático", "body": "Argentina avanza en sus compromisos climáticos nacionales e internacionales. Desde la presentación de su segunda NDC en 2020, ha aumentado su ambición climática y promovido políticas públicas sobre cambio climático. Entre 2022 y 2023, desarrolló la primera Estrategia Nacional de Acción para el Empoderamiento Climático (EnACE) mediante un proceso participativo federal. La EnACE busca articular capacidades para impulsar acciones transformadoras frente al cambio climático, consolidando enfoques y acciones para empoderar a personas e instituciones en el país.\r\n\r\nLa estrategia surge de la importancia de un abordaje multisectorial y multiactoral, tanto privado como público, social y gubernamental, de la problemática del cambio climático. Se desarrolla en cumplimiento con lo establecido por la Ley Nro. 27.520 de “Presupuestos Mínimos de Adaptación y Mitigación al Cambio Climático Global”, que explicita la necesidad de preparar a la sociedad ante los cambios climáticos futuros, promocionar una nueva conciencia ambiental que reduzca los impactos y aumente la adaptación mediante la información, participación pública, la sensibilización y el fortalecimiento de capacidades.\r\n\r\nLa ENACE se basa en diversos instrumentos legales nacionales, como la Ley General del Ambiente N.º 25.675, que promueve la educación ambiental, la Ley de Presupuestos Mínimos de Cambio Climático N.º 27.520, la Ley \"Yolanda\" N.º 27.592 sobre capacitación en sostenibilidad para funcionarios públicos y la Ley de Educación Ambiental Integral N.º 27.621, que establece la Estrategia Nacional de Educación Ambiental Integral. A nivel regional, se vincula con el Acuerdo de Escazú, ratificado en 2021, que garantiza la participación pública en asuntos ambientales a través de un proceso participativo amplio.\r\n\r\n![enace][1]\r\n\r\n\r\n  [1]: /media/pagedown-uploads/enace.png", "post": 35, "date": "2025-02-17T03:34:32.378Z", "user": 1, "short": "La EnACE busca articular capacidades para impulsar acciones transformadoras frente al cambio climático, consolidando enfoques y acciones para empoderar a personas e instituciones en el país."}}, {"model": "main.postversion", "pk": 86, "fields": {"lang": "es", "title": "Géneros y Diversidad", "body": "La perspectiva de géneros y diversidad es esencial para abordar de manera integral y con mayor justicia la acción climática, ya que reconoce los derechos de mujeres y personas LGBTI+ como pilares fundamentales para alcanzar la justicia social, ambiental y climática. Esta visión impulsa políticas climáticas que fortalecen la autonomía física, política y económica de estas poblaciones, garantizan condiciones de habitabilidad y acceso a recursos, y fomentan su participación activa en la toma de decisiones y en procesos de adaptación y mitigación.\r\n   \r\nEn línea con estos principios, Argentina ha integrado el enfoque de género y diversidad en su política climática nacional, destacándolo como eje rector en su Contribución Determinada a Nivel Nacional (NDC) y en el Plan Nacional de Adaptación y Mitigación al Cambio Climático 2030\\. Además, la elaboración de la Estrategia Nacional de Géneros, Diversidad y Cambio Climático busca institucionalizar este enfoque, promoviendo mecanismos de participación, formación técnico-profesional e inclusión laboral en sectores estratégicos, así como financiamiento de proyectos con perspectiva de género. Estas iniciativas no solo visibilizan las desigualdades en contexto de cambio climático, sino que también sientan las bases para construir soluciones inclusivas, resilientes y sostenibles.\r\n\r\nPodés obtener mayor información sobre el vínculo entre géneros y diversidad y  algunos sectores en contexto de cambio climático podes acceder a estos documentos sectoriales.\r\n\r\n\r\n| Sector | Manual | Infografía |\r\n| ---- | ---- | ---- |\r\n| **Agro y bosques** | **[Ver / Descargar](https://www.argentina.gob.ar/sites/default/files/manual_-_genero_sector_agro_1.pdf)** | **[Ver / Descargar](https://www.argentina.gob.ar/files/infografia-agro-y-bosquesjpg)** |\r\n| **Salud** | **[Ver / Descargar](https://www.argentina.gob.ar/sites/default/files/manual_-_genero_sector_salud_1.pdf)** | **[Ver / Descargar](https://www.argentina.gob.ar/files/infografia-saludjpg)** |\r\n| **Industria** | **[Ver / Descargar](https://www.argentina.gob.ar/sites/default/files/manual_-_genero_sector_industria_1.pdf)** | **[Ver / Descargar](https://www.argentina.gob.ar/files/infografia-industria2jpg)** |\r\n| **Energía** | **[Ver / Descargar](https://www.argentina.gob.ar/sites/default/files/manual_-_genero_sector_energia_1.pdf)** | **[Ver / Descargar](https://www.argentina.gob.ar/files/infografia-energiajpg)** |\r\n| **Transporte** | **[Ver / Descargar](https://www.argentina.gob.ar/sites/default/files/manual_-_genero_sector_transporte_2.pdf)** | **[Ver / Descargar](https://www.argentina.gob.ar/files/infografia-transportejpg)** |\r\n| **Turismo** | **[Ver / Descargar](https://www.argentina.gob.ar/sites/default/files/manual_-_genero_sector_turismo_1.pdf)** | **[Ver / Descargar](https://www.argentina.gob.ar/files/infografia-turismopng)** |", "post": 34, "date": "2025-02-17T03:37:42.920Z", "user": 1, "short": "La perspectiva de géneros y diversidad es esencial para abordar de manera integral y con mayor justicia la acción climática, ya que reconoce los derechos de mujeres y personas LGBTI+ como pilares fundamentales para alcanzar la justicia social, ambiental y climática."}}, {"model": "main.postversion", "pk": 87, "fields": {"lang": "es", "title": "Géneros y Diversidad", "body": "La perspectiva de géneros y diversidad es esencial para abordar de manera integral y con mayor justicia la acción climática, ya que reconoce los derechos de mujeres y personas LGBTI+ como pilares fundamentales para alcanzar la justicia social, ambiental y climática. Esta visión impulsa políticas climáticas que fortalecen la autonomía física, política y económica de estas poblaciones, garantizan condiciones de habitabilidad y acceso a recursos, y fomentan su participación activa en la toma de decisiones y en procesos de adaptación y mitigación.\r\n   \r\nEn línea con estos principios, Argentina ha integrado el enfoque de género y diversidad en su política climática nacional, destacándolo como eje rector en su Contribución Determinada a Nivel Nacional (NDC) y en el Plan Nacional de Adaptación y Mitigación al Cambio Climático 2030\\. Además, la elaboración de la Estrategia Nacional de Géneros, Diversidad y Cambio Climático busca institucionalizar este enfoque, promoviendo mecanismos de participación, formación técnico-profesional e inclusión laboral en sectores estratégicos, así como financiamiento de proyectos con perspectiva de género. Estas iniciativas no solo visibilizan las desigualdades en contexto de cambio climático, sino que también sientan las bases para construir soluciones inclusivas, resilientes y sostenibles.\r\n\r\nPodés obtener mayor información sobre el vínculo entre géneros y diversidad y  algunos sectores en contexto de cambio climático podes acceder a estos documentos sectoriales.\r\n<div class=\"post-table table-responsive-xxl table-internacional\">\r\n<table class=\"table\">\r\n    <thead>\r\n        <tr>\r\n<th>Sector</th><th>Manual</th><th>Infografía</th></tr>\r\n    </thead>\r\n    <tbody>\r\n<tr>\r\n<td>Agro y bosques</td>\r\n<td>[Ver / Descargar](https://www.argentina.gob.ar/sites/default/files/manual_-_genero_sector_agro_1.pdf)</td>\r\n<td>[Ver / Descargar](https://www.argentina.gob.ar/files/infografia-agro-y-bosques.jpg)\r\n</tr>\r\n<tr>\r\n<td>Salud</td>\r\n<td>[Ver / Descargar](https://www.argentina.gob.ar/sites/default/files/manual_-_genero_sector_salud_1.pdf)</td>\r\n<td>[Ver / Descargar](https://www.argentina.gob.ar/files/infografia-salud.jpg)\r\n</tr>\r\n<tr>\r\n<td>Industria</td>\r\n<td>[Ver / Descargar](https://www.argentina.gob.ar/sites/default/files/manual_-_genero_sector_industria_1.pdf)</td>\r\n<td>[Ver / Descargar](https://www.argentina.gob.ar/files/infografia-energia.jpg)\r\n</tr>\r\n</tbody></table>", "post": 34, "date": "2025-02-17T03:43:44.364Z", "user": 1, "short": "La perspectiva de géneros y diversidad es esencial para abordar de manera integral y con mayor justicia la acción climática, ya que reconoce los derechos de mujeres y personas LGBTI+ como pilares fundamentales para alcanzar la justicia social, ambiental y climática."}}, {"model": "main.postversion", "pk": 88, "fields": {"lang": "es", "title": "Géneros y Diversidad", "body": "La perspectiva de géneros y diversidad es esencial para abordar de manera integral y con mayor justicia la acción climática, ya que reconoce los derechos de mujeres y personas LGBTI+ como pilares fundamentales para alcanzar la justicia social, ambiental y climática. Esta visión impulsa políticas climáticas que fortalecen la autonomía física, política y económica de estas poblaciones, garantizan condiciones de habitabilidad y acceso a recursos, y fomentan su participación activa en la toma de decisiones y en procesos de adaptación y mitigación.\r\n   \r\nEn línea con estos principios, Argentina ha integrado el enfoque de género y diversidad en su política climática nacional, destacándolo como eje rector en su Contribución Determinada a Nivel Nacional (NDC) y en el Plan Nacional de Adaptación y Mitigación al Cambio Climático 2030\\. Además, la elaboración de la Estrategia Nacional de Géneros, Diversidad y Cambio Climático busca institucionalizar este enfoque, promoviendo mecanismos de participación, formación técnico-profesional e inclusión laboral en sectores estratégicos, así como financiamiento de proyectos con perspectiva de género. Estas iniciativas no solo visibilizan las desigualdades en contexto de cambio climático, sino que también sientan las bases para construir soluciones inclusivas, resilientes y sostenibles.\r\n\r\nPodés obtener mayor información sobre el vínculo entre géneros y diversidad y  algunos sectores en contexto de cambio climático podes acceder a estos documentos sectoriales.\r\n<div class=\"post-table table-responsive-xxl table-internacional\">\r\n<table class=\"table\">\r\n    <thead>\r\n        <tr>\r\n<th>Sector</th><th>Manual</th><th>Infografía</th></tr>\r\n    </thead>\r\n    <tbody>\r\n<tr>\r\n<td>Agro y bosques</td>\r\n<td><a href=\"https://www.argentina.gob.ar/sites/default/files/manual_-_genero_sector_agro_1.pdf\">Ver / Descargar</a></td>\r\n<td><a href=\"https://www.argentina.gob.ar/files/infografia-agro-y-bosques.jpg\">Ver / Descargar</a></td>\r\n</tr>\r\n<tr>\r\n<td>Salud</td>\r\n<td><a href=\"https://www.argentina.gob.ar/sites/default/files/manual_-_genero_sector_salud_1.pdf\">Ver / Descargar</a></td>\r\n<td><a href=\"https://www.argentina.gob.ar/files/infografia-salud.jpg\">Ver / Descargar</a></td>\r\n</tr>\r\n<tr>\r\n<td>Industria<td>\r\n<td><a href=\"https://www.argentina.gob.ar/sites/default/files/manual_-_genero_sector_industria_1.pdf\">Ver / Descargar</a></td>\r\n<td><a href=\"https://www.argentina.gob.ar/files/infografia-industria.jpg\">Ver / Descargar</a></td>\r\n</tr>\r\n\r\n</tbody></table>", "post": 34, "date": "2025-02-17T03:46:50.511Z", "user": 1, "short": "La perspectiva de géneros y diversidad es esencial para abordar de manera integral y con mayor justicia la acción climática, ya que reconoce los derechos de mujeres y personas LGBTI+ como pilares fundamentales para alcanzar la justicia social, ambiental y climática."}}, {"model": "main.postversion", "pk": 89, "fields": {"lang": "es", "title": "Géneros y Diversidad", "body": "La perspectiva de géneros y diversidad es esencial para abordar de manera integral y con mayor justicia la acción climática, ya que reconoce los derechos de mujeres y personas LGBTI+ como pilares fundamentales para alcanzar la justicia social, ambiental y climática. Esta visión impulsa políticas climáticas que fortalecen la autonomía física, política y económica de estas poblaciones, garantizan condiciones de habitabilidad y acceso a recursos, y fomentan su participación activa en la toma de decisiones y en procesos de adaptación y mitigación.\r\n   \r\nEn línea con estos principios, Argentina ha integrado el enfoque de género y diversidad en su política climática nacional, destacándolo como eje rector en su Contribución Determinada a Nivel Nacional (NDC) y en el Plan Nacional de Adaptación y Mitigación al Cambio Climático 2030\\. Además, la elaboración de la Estrategia Nacional de Géneros, Diversidad y Cambio Climático busca institucionalizar este enfoque, promoviendo mecanismos de participación, formación técnico-profesional e inclusión laboral en sectores estratégicos, así como financiamiento de proyectos con perspectiva de género. Estas iniciativas no solo visibilizan las desigualdades en contexto de cambio climático, sino que también sientan las bases para construir soluciones inclusivas, resilientes y sostenibles.\r\n\r\nPodés obtener mayor información sobre el vínculo entre géneros y diversidad y  algunos sectores en contexto de cambio climático podes acceder a estos documentos sectoriales.\r\n<div class=\"post-table table-responsive-xxl table-internacional\">\r\n<table class=\"table\">\r\n    <thead>\r\n        <tr>\r\n<th>Sector</th><th>Manual</th><th>Infografía</th></tr>\r\n    </thead>\r\n    <tbody>\r\n<tr>\r\n<td>Agro y bosques</td>\r\n<td><a href=\"https://www.argentina.gob.ar/sites/default/files/manual_-_genero_sector_agro_1.pdf\" target=\"_>Ver / Descargar</a></td>\r\n<td><a href=\"https://www.argentina.gob.ar/files/infografia-agro-y-bosques.jpg\" target=\"_blank\">Ver / Descargar</a></td>\r\n</tr>\r\n<tr>\r\n<td>Salud</td>\r\n<td><a href=\"https://www.argentina.gob.ar/sites/default/files/manual_-_genero_sector_salud_1.pdf\" target=\"_blank\">Ver / Descargar</a></td>\r\n<td><a href=\"https://www.argentina.gob.ar/files/infografia-salud.jpg\" target=\"_blank\">Ver / Descargar</a></td>\r\n</tr>\r\n<tr>\r\n<td>Industria</td>\r\n<td><a href=\"https://www.argentina.gob.ar/sites/default/files/manual_-_genero_sector_industria_1.pdf\" target=\"_blank\">Ver / Descargar</a></td>\r\n<td><a href=\"https://www.argentina.gob.ar/files/infografia-industria.jpg\" target=\"_blank\">Ver / Descargar</a></td>\r\n</tr>\r\n</tbody></table>", "post": 34, "date": "2025-02-17T03:48:08.133Z", "user": 1, "short": "La perspectiva de géneros y diversidad es esencial para abordar de manera integral y con mayor justicia la acción climática, ya que reconoce los derechos de mujeres y personas LGBTI+ como pilares fundamentales para alcanzar la justicia social, ambiental y climática."}}, {"model": "main.postversion", "pk": 90, "fields": {"lang": "es", "title": "Géneros y Diversidad", "body": "La perspectiva de géneros y diversidad es esencial para abordar de manera integral y con mayor justicia la acción climática, ya que reconoce los derechos de mujeres y personas LGBTI+ como pilares fundamentales para alcanzar la justicia social, ambiental y climática. Esta visión impulsa políticas climáticas que fortalecen la autonomía física, política y económica de estas poblaciones, garantizan condiciones de habitabilidad y acceso a recursos, y fomentan su participación activa en la toma de decisiones y en procesos de adaptación y mitigación.\r\n   \r\nEn línea con estos principios, Argentina ha integrado el enfoque de género y diversidad en su política climática nacional, destacándolo como eje rector en su Contribución Determinada a Nivel Nacional (NDC) y en el Plan Nacional de Adaptación y Mitigación al Cambio Climático 2030\\. Además, la elaboración de la Estrategia Nacional de Géneros, Diversidad y Cambio Climático busca institucionalizar este enfoque, promoviendo mecanismos de participación, formación técnico-profesional e inclusión laboral en sectores estratégicos, así como financiamiento de proyectos con perspectiva de género. Estas iniciativas no solo visibilizan las desigualdades en contexto de cambio climático, sino que también sientan las bases para construir soluciones inclusivas, resilientes y sostenibles.\r\n\r\nPodés obtener mayor información sobre el vínculo entre géneros y diversidad y  algunos sectores en contexto de cambio climático podes acceder a estos documentos sectoriales.\r\n<div class=\"post-table table-responsive-xxl table-internacional\">\r\n<table class=\"table\">\r\n    <thead>\r\n        <tr>\r\n<th>Sector</th><th>Manual</th><th>Infografía</th></tr>\r\n    </thead>\r\n    <tbody>\r\n<tr>\r\n<td>Agro y bosques</td>\r\n<td><a href=\"https://www.argentina.gob.ar/sites/default/files/manual_-_genero_sector_agro_1.pdf\" target=\"_blank\">Ver / Descargar</a></td>\r\n<td><a href=\"https://www.argentina.gob.ar/files/infografia-agro-y-bosques.jpg\" target=\"_blank\">Ver / Descargar</a></td>\r\n</tr>\r\n<tr>\r\n<td>Salud</td>\r\n<td><a href=\"https://www.argentina.gob.ar/sites/default/files/manual_-_genero_sector_salud_1.pdf\" target=\"_blank\">Ver / Descargar</a></td>\r\n<td><a href=\"https://www.argentina.gob.ar/files/infografia-salud.jpg\" target=\"_blank\">Ver / Descargar</a></td>\r\n</tr>\r\n<tr>\r\n<td>Industria</td>\r\n<td><a href=\"https://www.argentina.gob.ar/sites/default/files/manual_-_genero_sector_industria_1.pdf\" target=\"_blank\">Ver / Descargar</a></td>\r\n<td><a href=\"https://www.argentina.gob.ar/files/infografia-industria2jpg\" target=\"_blank\">Ver / Descargar</a></td>\r\n</tr>\r\n\r\n<tr>\r\n<td>Energía</td>\r\n<td><a href=\"https://www.argentina.gob.ar/sites/default/files/manual_-_genero_sector_energia_1.pdf\" target=\"_blank\">Ver / Descargar</a></td>\r\n<td><a href=\"https://www.argentina.gob.ar/files/infografia-energiajpg\" target=\"_blank\">Ver / Descargar</a></td>\r\n</tr>\r\n<tr>\r\n<td>Transporte</td>\r\n<td><a href=\"https://www.argentina.gob.ar/sites/default/files/manual_-_genero_sector_transporte_2.pdf\" target=\"_blank\">Ver / Descargar</a></td>\r\n<td><a href=\"https://www.argentina.gob.ar/files/infografia-transportejpg\" target=\"_blank\">Ver / Descargar</a></td>\r\n</tr>\r\n<tr>\r\n<td>Turismo</td>\r\n<td><a href=\"https://www.argentina.gob.ar/sites/default/files/manual_-_genero_sector_turismo_1.pdf\" target=\"_blank\">Ver / Descargar</a></td>\r\n<td><a href=\"https://www.argentina.gob.ar/files/infografia-turismojpg\" target=\"_blank\">Ver / Descargar</a></td>\r\n</tr>\r\n\r\n\r\n</tbody></table>", "post": 34, "date": "2025-02-17T03:52:33.432Z", "user": 1, "short": "La perspectiva de géneros y diversidad es esencial para abordar de manera integral y con mayor justicia la acción climática, ya que reconoce los derechos de mujeres y personas LGBTI+ como pilares fundamentales para alcanzar la justicia social, ambiental y climática."}}, {"model": "main.postversion", "pk": 91, "fields": {"lang": "es", "title": "Bosques para la acción climática", "body": "Para 2030, Argentina se comprometió a implementar políticas para la gestión sostenible de los bosques nativos, con el objetivo de reducir su vulnerabilidad y la de las comunidades dependientes frente al cambio climático. Los bosques nativos actúan como reguladores del clima al almacenar carbono en su vegetación y suelo. Las acciones clave incluyen la forestación, la mitigación de emisiones por deforestación y degradación, la conservación, restauración y recuperación de bosques nativos, así como la gestión sostenible y el aumento de las reservas de carbono forestal.\r\n\r\nEl mecanismo REDD+ es una herramienta de la CMNUCC para reducir las emisiones de deforestación y degradación forestal en países en desarrollo, promoviendo la conservación, gestión sostenible y aumento de reservas de carbono en los bosques. Su objetivo es incentivar a los países en desarrollo a proteger y utilizar sus recursos forestales de manera sostenible para combatir el cambio climático. Argentina ha cumplido con los requisitos establecidos en los Acuerdos de Cancún para participar e:n REDD+, desarrollando e implementando los cuatro pilares del mecanismo:\r\n\r\n- [Plan de Acción Nacional de Bosques y Cambio Climático](https://redd.unfccc.int/media/4849_1_plan_de_accion_nacional_de_bosques_y_cambio_climatico_-_argentina.pdf)  \r\n- [Nivel de Referencia de Emisiones Forestales (NREF)](https://redd.unfccc.int/media/2019_nref_argentina_resubmission_oct_final.pdf) y su correspondiente [Reporte de Evaluación por parte de la CMNUCC (TAR)](https://unfccc.int/sites/default/files/resource/tar2019_ARG.pdf)  \r\n- [Sistema Nacional de Monitoreo de Bosques Nativos (SNMBN)](https://www.argentina.gob.ar/ambiente/bosques/monitoreo-bosques-nativos)  \r\n- Sistema de Información del Salvaguardas REDD+ (SIS)", "post": 36, "date": "2025-02-17T03:54:46.149Z", "user": 1, "short": ""}}, {"model": "main.postversion", "pk": 92, "fields": {"lang": "es", "title": "Bosques para la acción climática", "body": "Para 2030, Argentina se comprometió a implementar políticas para la gestión sostenible de los bosques nativos, con el objetivo de reducir su vulnerabilidad y la de las comunidades dependientes frente al cambio climático. Los bosques nativos actúan como reguladores del clima al almacenar carbono en su vegetación y suelo. Las acciones clave incluyen la forestación, la mitigación de emisiones por deforestación y degradación, la conservación, restauración y recuperación de bosques nativos, así como la gestión sostenible y el aumento de las reservas de carbono forestal.\r\n\r\nEl mecanismo REDD+ es una herramienta de la CMNUCC para reducir las emisiones de deforestación y degradación forestal en países en desarrollo, promoviendo la conservación, gestión sostenible y aumento de reservas de carbono en los bosques. Su objetivo es incentivar a los países en desarrollo a proteger y utilizar sus recursos forestales de manera sostenible para combatir el cambio climático. Argentina ha cumplido con los requisitos establecidos en los Acuerdos de Cancún para participar e:n REDD+, desarrollando e implementando los cuatro pilares del mecanismo:\r\n\r\n- [Plan de Acción Nacional de Bosques y Cambio Climático](https://redd.unfccc.int/media/4849_1_plan_de_accion_nacional_de_bosques_y_cambio_climatico_-_argentina.pdf)  \r\n- [Nivel de Referencia de Emisiones Forestales (NREF)](https://redd.unfccc.int/media/2019_nref_argentina_resubmission_oct_final.pdf) y su correspondiente [Reporte de Evaluación por parte de la CMNUCC (TAR)](https://unfccc.int/sites/default/files/resource/tar2019_ARG.pdf)  \r\n- [Sistema Nacional de Monitoreo de Bosques Nativos (SNMBN)](https://www.argentina.gob.ar/ambiente/bosques/monitoreo-bosques-nativos)  \r\n- Sistema de Información del Salvaguardas REDD+ (SIS)", "post": 36, "date": "2025-02-17T03:57:37.542Z", "user": 1, "short": "Para 2030, Argentina se comprometió a implementar políticas para la gestión sostenible de los bosques nativos, con el objetivo de reducir su vulnerabilidad y la de las comunidades dependientes frente al cambio climático."}}, {"model": "main.postprofile", "pk": 15, "fields": {"profile": "privado", "post": 3, "value": 0}}, {"model": "main.postprofile", "pk": 21, "fields": {"profile": "privado", "post": 4, "value": 0}}, {"model": "main.postprofile", "pk": 27, "fields": {"profile": "privado", "post": 5, "value": 0}}, {"model": "main.postprofile", "pk": 33, "fields": {"profile": "privado", "post": 6, "value": 0}}, {"model": "main.postprofile", "pk": 39, "fields": {"profile": "privado", "post": 7, "value": 0}}, {"model": "main.postprofile", "pk": 45, "fields": {"profile": "privado", "post": 8, "value": 0}}, {"model": "main.postprofile", "pk": 51, "fields": {"profile": "privado", "post": 9, "value": 0}}, {"model": "main.postprofile", "pk": 57, "fields": {"profile": "privado", "post": 10, "value": 0}}, {"model": "main.postprofile", "pk": 69, "fields": {"profile": "privado", "post": 12, "value": 0}}, {"model": "main.postprofile", "pk": 75, "fields": {"profile": "privado", "post": 13, "value": 0}}, {"model": "main.postprofile", "pk": 81, "fields": {"profile": "privado", "post": 14, "value": 0}}, {"model": "main.postprofile", "pk": 87, "fields": {"profile": "privado", "post": 15, "value": 0}}, {"model": "main.postprofile", "pk": 93, "fields": {"profile": "privado", "post": 16, "value": 0}}, {"model": "main.postprofile", "pk": 99, "fields": {"profile": "privado", "post": 17, "value": 0}}, {"model": "main.postprofile", "pk": 105, "fields": {"profile": "privado", "post": 18, "value": 0}}, {"model": "main.postprofile", "pk": 109, "fields": {"profile": "privado", "post": 19, "value": 0}}, {"model": "main.postprofile", "pk": 110, "fields": {"profile": "docentes", "post": 19, "value": 0}}, {"model": "main.postprofile", "pk": 111, "fields": {"profile": "gp-locales", "post": 19, "value": 0}}, {"model": "main.postprofile", "pk": 112, "fields": {"profile": "gp-nacional", "post": 19, "value": 0}}, {"model": "main.postprofile", "pk": 113, "fields": {"profile": "juventudes", "post": 19, "value": 0}}, {"model": "main.postprofile", "pk": 114, "fields": {"profile": "ongs", "post": 19, "value": 0}}, {"model": "main.postprofile", "pk": 115, "fields": {"profile": "originarios", "post": 19, "value": 0}}, {"model": "main.postprofile", "pk": 116, "fields": {"profile": "p-general", "post": 19, "value": 0}}, {"model": "main.postprofile", "pk": 117, "fields": {"profile": "pg-provincial", "post": 19, "value": 0}}, {"model": "main.postprofile", "pk": 118, "fields": {"profile": "privado", "post": 20, "value": 0}}, {"model": "main.postprofile", "pk": 119, "fields": {"profile": "docentes", "post": 20, "value": 0}}, {"model": "main.postprofile", "pk": 120, "fields": {"profile": "gp-locales", "post": 20, "value": 0}}, {"model": "main.postprofile", "pk": 121, "fields": {"profile": "gp-nacional", "post": 20, "value": 0}}, {"model": "main.postprofile", "pk": 122, "fields": {"profile": "juventudes", "post": 20, "value": 0}}, {"model": "main.postprofile", "pk": 123, "fields": {"profile": "ongs", "post": 20, "value": 0}}, {"model": "main.postprofile", "pk": 124, "fields": {"profile": "originarios", "post": 20, "value": 0}}, {"model": "main.postprofile", "pk": 125, "fields": {"profile": "p-general", "post": 20, "value": 0}}, {"model": "main.postprofile", "pk": 126, "fields": {"profile": "pg-provincial", "post": 20, "value": 0}}, {"model": "main.postprofile", "pk": 127, "fields": {"profile": "privado", "post": 21, "value": 0}}, {"model": "main.postprofile", "pk": 128, "fields": {"profile": "docentes", "post": 21, "value": 0}}, {"model": "main.postprofile", "pk": 129, "fields": {"profile": "gp-locales", "post": 21, "value": 0}}, {"model": "main.postprofile", "pk": 130, "fields": {"profile": "gp-nacional", "post": 21, "value": 0}}, {"model": "main.postprofile", "pk": 131, "fields": {"profile": "juventudes", "post": 21, "value": 0}}, {"model": "main.postprofile", "pk": 132, "fields": {"profile": "ongs", "post": 21, "value": 0}}, {"model": "main.postprofile", "pk": 133, "fields": {"profile": "originarios", "post": 21, "value": 0}}, {"model": "main.postprofile", "pk": 134, "fields": {"profile": "p-general", "post": 21, "value": 0}}, {"model": "main.postprofile", "pk": 135, "fields": {"profile": "pg-provincial", "post": 21, "value": 0}}, {"model": "main.postprofile", "pk": 136, "fields": {"profile": "docentes", "post": 3, "value": 0}}, {"model": "main.postprofile", "pk": 137, "fields": {"profile": "gp-locales", "post": 3, "value": 0}}, {"model": "main.postprofile", "pk": 138, "fields": {"profile": "gp-nacional", "post": 3, "value": 0}}, {"model": "main.postprofile", "pk": 139, "fields": {"profile": "juventudes", "post": 3, "value": 0}}, {"model": "main.postprofile", "pk": 140, "fields": {"profile": "ongs", "post": 3, "value": 0}}, {"model": "main.postprofile", "pk": 141, "fields": {"profile": "originarios", "post": 3, "value": 0}}, {"model": "main.postprofile", "pk": 142, "fields": {"profile": "p-general", "post": 3, "value": 0}}, {"model": "main.postprofile", "pk": 143, "fields": {"profile": "pg-provincial", "post": 3, "value": 0}}, {"model": "main.postprofile", "pk": 144, "fields": {"profile": "docentes", "post": 14, "value": 0}}, {"model": "main.postprofile", "pk": 145, "fields": {"profile": "gp-locales", "post": 14, "value": 0}}, {"model": "main.postprofile", "pk": 146, "fields": {"profile": "gp-nacional", "post": 14, "value": 0}}, {"model": "main.postprofile", "pk": 147, "fields": {"profile": "juventudes", "post": 14, "value": 0}}, {"model": "main.postprofile", "pk": 148, "fields": {"profile": "ongs", "post": 14, "value": 0}}, {"model": "main.postprofile", "pk": 149, "fields": {"profile": "originarios", "post": 14, "value": 0}}, {"model": "main.postprofile", "pk": 150, "fields": {"profile": "p-general", "post": 14, "value": 0}}, {"model": "main.postprofile", "pk": 151, "fields": {"profile": "pg-provincial", "post": 14, "value": 0}}, {"model": "main.postprofile", "pk": 152, "fields": {"profile": "docentes", "post": 16, "value": 0}}, {"model": "main.postprofile", "pk": 153, "fields": {"profile": "gp-locales", "post": 16, "value": 0}}, {"model": "main.postprofile", "pk": 154, "fields": {"profile": "gp-nacional", "post": 16, "value": 0}}, {"model": "main.postprofile", "pk": 155, "fields": {"profile": "juventudes", "post": 16, "value": 0}}, {"model": "main.postprofile", "pk": 156, "fields": {"profile": "ongs", "post": 16, "value": 0}}, {"model": "main.postprofile", "pk": 157, "fields": {"profile": "originarios", "post": 16, "value": 0}}, {"model": "main.postprofile", "pk": 158, "fields": {"profile": "p-general", "post": 16, "value": 0}}, {"model": "main.postprofile", "pk": 159, "fields": {"profile": "pg-provincial", "post": 16, "value": 0}}, {"model": "main.postprofile", "pk": 160, "fields": {"profile": "docentes", "post": 12, "value": 0}}, {"model": "main.postprofile", "pk": 161, "fields": {"profile": "gp-locales", "post": 12, "value": 0}}, {"model": "main.postprofile", "pk": 162, "fields": {"profile": "gp-nacional", "post": 12, "value": 0}}, {"model": "main.postprofile", "pk": 163, "fields": {"profile": "juventudes", "post": 12, "value": 0}}, {"model": "main.postprofile", "pk": 164, "fields": {"profile": "ongs", "post": 12, "value": 0}}, {"model": "main.postprofile", "pk": 165, "fields": {"profile": "originarios", "post": 12, "value": 0}}, {"model": "main.postprofile", "pk": 166, "fields": {"profile": "p-general", "post": 12, "value": 0}}, {"model": "main.postprofile", "pk": 167, "fields": {"profile": "pg-provincial", "post": 12, "value": 0}}, {"model": "main.postprofile", "pk": 168, "fields": {"profile": "docentes", "post": 13, "value": 0}}, {"model": "main.postprofile", "pk": 169, "fields": {"profile": "gp-locales", "post": 13, "value": 0}}, {"model": "main.postprofile", "pk": 170, "fields": {"profile": "gp-nacional", "post": 13, "value": 0}}, {"model": "main.postprofile", "pk": 171, "fields": {"profile": "juventudes", "post": 13, "value": 0}}, {"model": "main.postprofile", "pk": 172, "fields": {"profile": "ongs", "post": 13, "value": 0}}, {"model": "main.postprofile", "pk": 173, "fields": {"profile": "originarios", "post": 13, "value": 0}}, {"model": "main.postprofile", "pk": 174, "fields": {"profile": "p-general", "post": 13, "value": 0}}, {"model": "main.postprofile", "pk": 175, "fields": {"profile": "pg-provincial", "post": 13, "value": 0}}, {"model": "main.postprofile", "pk": 176, "fields": {"profile": "privado", "post": 31, "value": 0}}, {"model": "main.postprofile", "pk": 177, "fields": {"profile": "docentes", "post": 31, "value": 0}}, {"model": "main.postprofile", "pk": 178, "fields": {"profile": "gp-locales", "post": 31, "value": 0}}, {"model": "main.postprofile", "pk": 179, "fields": {"profile": "gp-nacional", "post": 31, "value": 0}}, {"model": "main.postprofile", "pk": 180, "fields": {"profile": "juventudes", "post": 31, "value": 0}}, {"model": "main.postprofile", "pk": 181, "fields": {"profile": "ongs", "post": 31, "value": 0}}, {"model": "main.postprofile", "pk": 182, "fields": {"profile": "originarios", "post": 31, "value": 0}}, {"model": "main.postprofile", "pk": 183, "fields": {"profile": "p-general", "post": 31, "value": 0}}, {"model": "main.postprofile", "pk": 184, "fields": {"profile": "pg-provincial", "post": 31, "value": 0}}, {"model": "main.postprofile", "pk": 185, "fields": {"profile": "docentes", "post": 9, "value": 0}}, {"model": "main.postprofile", "pk": 186, "fields": {"profile": "gp-locales", "post": 9, "value": 0}}, {"model": "main.postprofile", "pk": 187, "fields": {"profile": "gp-nacional", "post": 9, "value": 0}}, {"model": "main.postprofile", "pk": 188, "fields": {"profile": "juventudes", "post": 9, "value": 0}}, {"model": "main.postprofile", "pk": 189, "fields": {"profile": "ongs", "post": 9, "value": 0}}, {"model": "main.postprofile", "pk": 190, "fields": {"profile": "originarios", "post": 9, "value": 0}}, {"model": "main.postprofile", "pk": 191, "fields": {"profile": "p-general", "post": 9, "value": 0}}, {"model": "main.postprofile", "pk": 192, "fields": {"profile": "pg-provincial", "post": 9, "value": 0}}, {"model": "main.postprofile", "pk": 193, "fields": {"profile": "docentes", "post": 6, "value": 0}}, {"model": "main.postprofile", "pk": 194, "fields": {"profile": "gp-locales", "post": 6, "value": 0}}, {"model": "main.postprofile", "pk": 195, "fields": {"profile": "gp-nacional", "post": 6, "value": 0}}, {"model": "main.postprofile", "pk": 196, "fields": {"profile": "juventudes", "post": 6, "value": 0}}, {"model": "main.postprofile", "pk": 197, "fields": {"profile": "ongs", "post": 6, "value": 0}}, {"model": "main.postprofile", "pk": 198, "fields": {"profile": "originarios", "post": 6, "value": 0}}, {"model": "main.postprofile", "pk": 199, "fields": {"profile": "p-general", "post": 6, "value": 0}}, {"model": "main.postprofile", "pk": 200, "fields": {"profile": "pg-provincial", "post": 6, "value": 0}}, {"model": "main.postprofile", "pk": 201, "fields": {"profile": "privado", "post": 32, "value": 0}}, {"model": "main.postprofile", "pk": 202, "fields": {"profile": "docentes", "post": 32, "value": 0}}, {"model": "main.postprofile", "pk": 203, "fields": {"profile": "gp-locales", "post": 32, "value": 0}}, {"model": "main.postprofile", "pk": 204, "fields": {"profile": "gp-nacional", "post": 32, "value": 0}}, {"model": "main.postprofile", "pk": 205, "fields": {"profile": "juventudes", "post": 32, "value": 0}}, {"model": "main.postprofile", "pk": 206, "fields": {"profile": "ongs", "post": 32, "value": 0}}, {"model": "main.postprofile", "pk": 207, "fields": {"profile": "originarios", "post": 32, "value": 0}}, {"model": "main.postprofile", "pk": 208, "fields": {"profile": "p-general", "post": 32, "value": 0}}, {"model": "main.postprofile", "pk": 209, "fields": {"profile": "pg-provincial", "post": 32, "value": 0}}, {"model": "main.postprofile", "pk": 210, "fields": {"profile": "privado", "post": 33, "value": 0}}, {"model": "main.postprofile", "pk": 211, "fields": {"profile": "docentes", "post": 33, "value": 0}}, {"model": "main.postprofile", "pk": 212, "fields": {"profile": "gp-locales", "post": 33, "value": 0}}, {"model": "main.postprofile", "pk": 213, "fields": {"profile": "gp-nacional", "post": 33, "value": 0}}, {"model": "main.postprofile", "pk": 214, "fields": {"profile": "juventudes", "post": 33, "value": 0}}, {"model": "main.postprofile", "pk": 215, "fields": {"profile": "ongs", "post": 33, "value": 0}}, {"model": "main.postprofile", "pk": 216, "fields": {"profile": "originarios", "post": 33, "value": 0}}, {"model": "main.postprofile", "pk": 217, "fields": {"profile": "p-general", "post": 33, "value": 0}}, {"model": "main.postprofile", "pk": 218, "fields": {"profile": "pg-provincial", "post": 33, "value": 0}}, {"model": "main.postprofile", "pk": 219, "fields": {"profile": "docentes", "post": 5, "value": 0}}, {"model": "main.postprofile", "pk": 220, "fields": {"profile": "gp-locales", "post": 5, "value": 0}}, {"model": "main.postprofile", "pk": 221, "fields": {"profile": "gp-nacional", "post": 5, "value": 0}}, {"model": "main.postprofile", "pk": 222, "fields": {"profile": "juventudes", "post": 5, "value": 0}}, {"model": "main.postprofile", "pk": 223, "fields": {"profile": "ongs", "post": 5, "value": 0}}, {"model": "main.postprofile", "pk": 224, "fields": {"profile": "originarios", "post": 5, "value": 0}}, {"model": "main.postprofile", "pk": 225, "fields": {"profile": "p-general", "post": 5, "value": 0}}, {"model": "main.postprofile", "pk": 226, "fields": {"profile": "pg-provincial", "post": 5, "value": 0}}, {"model": "main.postprofile", "pk": 227, "fields": {"profile": "docentes", "post": 18, "value": 0}}, {"model": "main.postprofile", "pk": 228, "fields": {"profile": "gp-locales", "post": 18, "value": 0}}, {"model": "main.postprofile", "pk": 229, "fields": {"profile": "gp-nacional", "post": 18, "value": 0}}, {"model": "main.postprofile", "pk": 230, "fields": {"profile": "juventudes", "post": 18, "value": 0}}, {"model": "main.postprofile", "pk": 231, "fields": {"profile": "ongs", "post": 18, "value": 0}}, {"model": "main.postprofile", "pk": 232, "fields": {"profile": "originarios", "post": 18, "value": 0}}, {"model": "main.postprofile", "pk": 233, "fields": {"profile": "p-general", "post": 18, "value": 0}}, {"model": "main.postprofile", "pk": 234, "fields": {"profile": "pg-provincial", "post": 18, "value": 0}}, {"model": "main.postprofile", "pk": 235, "fields": {"profile": "docentes", "post": 17, "value": 0}}, {"model": "main.postprofile", "pk": 236, "fields": {"profile": "gp-locales", "post": 17, "value": 0}}, {"model": "main.postprofile", "pk": 237, "fields": {"profile": "gp-nacional", "post": 17, "value": 0}}, {"model": "main.postprofile", "pk": 238, "fields": {"profile": "juventudes", "post": 17, "value": 0}}, {"model": "main.postprofile", "pk": 239, "fields": {"profile": "ongs", "post": 17, "value": 0}}, {"model": "main.postprofile", "pk": 240, "fields": {"profile": "originarios", "post": 17, "value": 0}}, {"model": "main.postprofile", "pk": 241, "fields": {"profile": "p-general", "post": 17, "value": 0}}, {"model": "main.postprofile", "pk": 242, "fields": {"profile": "pg-provincial", "post": 17, "value": 0}}, {"model": "main.postprofile", "pk": 243, "fields": {"profile": "privado", "post": 34, "value": 0}}, {"model": "main.postprofile", "pk": 244, "fields": {"profile": "docentes", "post": 34, "value": 0}}, {"model": "main.postprofile", "pk": 245, "fields": {"profile": "gp-locales", "post": 34, "value": 0}}, {"model": "main.postprofile", "pk": 246, "fields": {"profile": "gp-nacional", "post": 34, "value": 0}}, {"model": "main.postprofile", "pk": 247, "fields": {"profile": "juventudes", "post": 34, "value": 0}}, {"model": "main.postprofile", "pk": 248, "fields": {"profile": "ongs", "post": 34, "value": 0}}, {"model": "main.postprofile", "pk": 249, "fields": {"profile": "originarios", "post": 34, "value": 0}}, {"model": "main.postprofile", "pk": 250, "fields": {"profile": "p-general", "post": 34, "value": 0}}, {"model": "main.postprofile", "pk": 251, "fields": {"profile": "pg-provincial", "post": 34, "value": 0}}, {"model": "main.postprofile", "pk": 252, "fields": {"profile": "privado", "post": 35, "value": 0}}, {"model": "main.postprofile", "pk": 253, "fields": {"profile": "docentes", "post": 35, "value": 0}}, {"model": "main.postprofile", "pk": 254, "fields": {"profile": "gp-locales", "post": 35, "value": 0}}, {"model": "main.postprofile", "pk": 255, "fields": {"profile": "gp-nacional", "post": 35, "value": 0}}, {"model": "main.postprofile", "pk": 256, "fields": {"profile": "juventudes", "post": 35, "value": 0}}, {"model": "main.postprofile", "pk": 257, "fields": {"profile": "ongs", "post": 35, "value": 0}}, {"model": "main.postprofile", "pk": 258, "fields": {"profile": "originarios", "post": 35, "value": 0}}, {"model": "main.postprofile", "pk": 259, "fields": {"profile": "p-general", "post": 35, "value": 0}}, {"model": "main.postprofile", "pk": 260, "fields": {"profile": "pg-provincial", "post": 35, "value": 0}}, {"model": "main.postprofile", "pk": 261, "fields": {"profile": "privado", "post": 36, "value": 0}}, {"model": "main.postprofile", "pk": 262, "fields": {"profile": "docentes", "post": 36, "value": 0}}, {"model": "main.postprofile", "pk": 263, "fields": {"profile": "gp-locales", "post": 36, "value": 0}}, {"model": "main.postprofile", "pk": 264, "fields": {"profile": "gp-nacional", "post": 36, "value": 0}}, {"model": "main.postprofile", "pk": 265, "fields": {"profile": "juventudes", "post": 36, "value": 0}}, {"model": "main.postprofile", "pk": 266, "fields": {"profile": "ongs", "post": 36, "value": 0}}, {"model": "main.postprofile", "pk": 267, "fields": {"profile": "originarios", "post": 36, "value": 0}}, {"model": "main.postprofile", "pk": 268, "fields": {"profile": "p-general", "post": 36, "value": 0}}, {"model": "main.postprofile", "pk": 269, "fields": {"profile": "pg-provincial", "post": 36, "value": 0}}, {"model": "main.regulation", "pk": 17, "fields": {"linktype": "Ley", "url": "https://www.argentina.gob.ar/normativa/nacional/ley-27520-333515", "date": "2019-02-11T04:45:59.753Z"}}, {"model": "main.regulation", "pk": 18, "fields": {"linktype": "Resolucion", "url": "https://www.argentina.gob.ar/normativa/nacional/resoluci%C3%B3n-447-2019-332234", "date": "2019-02-11T04:45:59.753Z"}}, {"model": "main.regulation", "pk": 19, "fields": {"linktype": "Decreto", "url": "https://www.argentina.gob.ar/normativa/nacional/decreto-1030-2020-345380", "date": "2020-02-11T04:45:59.753Z"}}, {"model": "main.regulation", "pk": 20, "fields": {"linktype": "Ley", "url": "https://www.argentina.gob.ar/normativa/nacional/ley-27566-343259", "date": "2020-02-11T04:45:59.753Z"}}, {"model": "main.regulation", "pk": 21, "fields": {"linktype": "Resolucion", "url": "https://www.argentina.gob.ar/normativa/nacional/resoluci%C3%B3n-363-2021-358905", "date": "2021-02-11T04:45:59.753Z"}}, {"model": "main.regulation", "pk": 22, "fields": {"linktype": "Resolucion", "url": "https://www.argentina.gob.ar/normativa/nacional/resoluci%C3%B3n-1-2021-353921", "date": "2021-02-11T04:45:59.753Z"}}, {"model": "main.regulation", "pk": 23, "fields": {"linktype": "Administrativo", "url": "https://www.argentina.gob.ar/normativa/nacional/decisi%C3%B3n_administrativa-1013-2022-372809", "date": "2022-02-11T04:45:59.753Z"}}, {"model": "main.regulation", "pk": 24, "fields": {"linktype": "Resolucion", "url": "https://www.argentina.gob.ar/normativa/nacional/resoluci%C3%B3n-1-2022-362407", "date": "2022-02-11T04:45:59.753Z"}}, {"model": "main.regulation", "pk": 25, "fields": {"linktype": "Resolucion", "url": "https://www.argentina.gob.ar/normativa/nacional/resoluci%C3%B3n-146-2023-382506", "date": "2023-02-11T04:45:59.753Z"}}, {"model": "main.regulation", "pk": 26, "fields": {"linktype": "Resolucion", "url": "https://www.argentina.gob.ar/normativa/nacional/resoluci%C3%B3n-218-2023-385470", "date": "2023-02-11T04:45:59.753Z"}}, {"model": "main.regulation", "pk": 27, "fields": {"linktype": "Resolucion", "url": "https://www.argentina.gob.ar/normativa/nacional/resoluci%C3%B3n-18-2023-388603", "date": "2023-02-11T04:45:59.753Z"}}, {"model": "main.regulation", "pk": 28, "fields": {"linktype": "Resolucion", "url": "https://www.argentina.gob.ar/normativa/nacional/resoluci%C3%B3n-2-2023-385816", "date": "2023-02-11T04:45:59.753Z"}}, {"model": "main.regulation", "pk": 29, "fields": {"linktype": "Resolucion", "url": "https://www.argentina.gob.ar/normativa/nacional/resoluci%C3%B3n-9-2023-382687", "date": "2023-02-11T04:45:59.753Z"}}, {"model": "main.regulation", "pk": 30, "fields": {"linktype": "Resolucion", "url": "https://ciam.ambiente.gob.ar/images/uploaded/recursos/573/Resolucion%20N%C2%BA%20539-%20Ratifica%20elementos%20tecnicos%20minimos-%20Plan%20Respuesta%20al%20CC.pdf", "date": "2023-02-11T04:45:59.753Z"}}, {"model": "main.regulation", "pk": 31, "fields": {"linktype": "Resolucion", "url": "https://www.argentina.gob.ar/normativa/nacional/resoluci%C3%B3n-385-2023-393127", "date": "2023-02-11T04:45:59.753Z"}}, {"model": "main.regulationversion", "pk": 1, "fields": {"lang": "es", "reg": 17, "name": "Ley N° 27.520", "description": "Ley N° 27.520 de presupuestos mínimos de adaptación y mitigación al cambio climático global"}}, {"model": "main.regulationversion", "pk": 2, "fields": {"lang": "es", "reg": 18, "name": "Resolución N° 447/2019 de la entonces Secretaría de Gobierno de Ambiente y Desarrollo Sustentable ", "description": "Primer Plan Nacional de Adaptación y Mitigación al Cambio Climático y siete Planes Sectoriales (Energía, Agro, Transporte, Infraestructuras y Territorio, Salud, Bosques e Industria)"}}, {"model": "main.regulationversion", "pk": 3, "fields": {"lang": "es", "reg": 19, "name": "Decreto N° 1030/2020", "description": "Decreto N° 1030/2020 - Reglamentación Ley N° 27.520 de presupuestos mínimos de adaptación y mitigación al cambio climático"}}, {"model": "main.regulationversion", "pk": 4, "fields": {"lang": "es", "reg": 20, "name": "Ley 27.566", "description": "Acuerdo Regional sobre el Acceso a la Información, la Participación Pública y el Acceso a la Justicia en Asuntos Ambientales en América Latina y el Caribe."}}, {"model": "main.regulationversion", "pk": 5, "fields": {"lang": "es", "reg": 21, "name": "Resolución N° 363/2021 del entonces Ministerio de Ambiente y Desarrollo Sustentable", "description": "Registro Nacional de Proyectos de Mitigación del Cambio Climático (RENAMI)"}}, {"model": "main.regulationversion", "pk": 6, "fields": {"lang": "es", "reg": 22, "name": "Resolución Conjunta N° 1/2021 de la entonces Secretaría de Política Ambiental en Recursos Naturales y la entonces Secretaría de Cambio Climático, Desarrollo Sostenible e Innovación ", "description": "Plan Regional de Adaptación al Cambio Climático del Delta del Río Paraná (PRACC-DP) y el Grupo de Trabajo Conjunto"}}, {"model": "main.regulationversion", "pk": 7, "fields": {"lang": "es", "reg": 23, "name": "Decisión Administrativa N° 1013/2022", "description": "Reglamento Interno del Gabinete Nacional de Cambio Climático (GNCC)"}}, {"model": "main.regulationversion", "pk": 8, "fields": {"lang": "es", "reg": 24, "name": "Resolución N° 1/2022 de la entonces Secretaría de Cambio Climático, Desarrollo Sostenible e Innovación ", "description": "Reglamento Interno del Consejo Asesor Externo"}}, {"model": "main.regulationversion", "pk": 9, "fields": {"lang": "es", "reg": 25, "name": "Resolución N° 146/2023 del entonces Ministerio de Ambiente y Desarrollo Sustentable", "description": "Segundo Plan Nacional de Adaptación y Mitigación al Cambio Climático"}}, {"model": "main.regulationversion", "pk": 10, "fields": {"lang": "es", "reg": 26, "name": "Resolución N° 218/2023 del entonces Ministerio de Ambiente y Desarrollo Sustentable", "description": "Estrategia de desarrollo resiliente con bajas emisiones a Largo Plazo (ELP) y Programa Nacional de Escenarios a Largo Plazo"}}, {"model": "main.regulationversion", "pk": 11, "fields": {"lang": "es", "reg": 27, "name": "Resolución N° 18/2023 de la entonces Secretaría de Cambio Climático, Desarrollo Sostenible e Innovación ", "description": "Grupos de Trabajo del Gabinete Nacional de Cambio Climático"}}, {"model": "main.regulationversion", "pk": 12, "fields": {"lang": "es", "reg": 28, "name": "Resolución Conjunta N° 2/2023 del Ministerio de Salud y el entonces Ministerio de Ambiente y Desarrollo Sostenible", "description": "Estrategia Nacional de Salud y Cambio Climático"}}, {"model": "main.regulationversion", "pk": 13, "fields": {"lang": "es", "reg": 29, "name": "Resolución N° 9/2023 de la entonces Secretaría de Cambio Climático, Desarrollo Sostenible e Innovación ", "description": "Reglamento Interno del Consejo Asesor Externo - Primera actualización"}}, {"model": "main.regulationversion", "pk": 14, "fields": {"lang": "es", "reg": 30, "name": "Resolución N° 539/2023 del Consejo Federal de Medio Ambiente (COFEMA)", "description": "Ratificación elementos técnicos Planes de Respuesta aprobados por la Mesa de Articulación Provincial del Gabinete Nacional de Cambio Climático"}}, {"model": "main.regulationversion", "pk": 15, "fields": {"lang": "es", "reg": 31, "name": "Resolución N° 385/2023 del entonces Ministerio de Ambiente y Desarrollo Sostenible", "description": "Estrategia Nacional para el Uso de los Mercados de Carbono (ENUMeC)"}}, {"model": "main.author", "pk": 1, "fields": {"name": "Jane Doe"}}, {"model": "main.author", "pk": 2, "fields": {"name": "Inés Asís"}}, {"model": "main.author", "pk": 3, "fields": {"name": "Lara Della Cecca"}}, {"model": "main.author", "pk": 4, "fields": {"name": "Gómez, P"}}, {"model": "main.author", "pk": 5, "fields": {"name": "Cruells, L, Peralta, M, Falivene Fernández M. L"}}, {"model": "main.author", "pk": 6, "fields": {"name": "Claudia Natenzon"}}, {"model": "main.author", "pk": 7, "fields": {"name": "Carmelo Polino"}}, {"model": "main.author", "pk": 8, "fields": {"name": "Falivene Fernández, M. L."}}, {"model": "main.author", "pk": 9, "fields": {"name": "Cundari, A."}}, {"model": "main.author", "pk": 10, "fields": {"name": "Calvet, M.A."}}, {"model": "main.author", "pk": 11, "fields": {"name": "Vázquez, M."}}, {"model": "main.author", "pk": 12, "fields": {"name": "Cruells, L."}}, {"model": "main.author", "pk": 13, "fields": {"name": "Falivene, Fernández, M. L"}}, {"model": "main.author", "pk": 14, "fields": {"name": "Cundari, A"}}, {"model": "main.author", "pk": 15, "fields": {"name": "Busconi, A"}}, {"model": "main.author", "pk": 16, "fields": {"name": "Daniela García"}}, {"model": "main.author", "pk": 17, "fields": {"name": "Adriana Menegaz"}}, {"model": "main.author", "pk": 18, "fields": {"name": "María Leticia Cruells"}}, {"model": "main.author", "pk": 19, "fields": {"name": "María del Valle Peralta"}}, {"model": "main.author", "pk": 20, "fields": {"name": "Gabinete Nacional de Cambio Climático"}}, {"model": "main.author", "pk": 21, "fields": {"name": "Antonela Busconi María Luz Falivene Fernández María del Valle Peralta Florencia Trentini"}}, {"model": "main.author", "pk": 22, "fields": {"name": "Antonela Busconi"}}, {"model": "main.author", "pk": 23, "fields": {"name": "Fabiana Menna"}}, {"model": "main.author", "pk": 24, "fields": {"name": "María Luz Falivene"}}, {"model": "main.author", "pk": 25, "fields": {"name": "Nuria Zanzottera"}}, {"model": "main.author", "pk": 26, "fields": {"name": "Magalí Turkenich"}}, {"model": "main.author", "pk": 27, "fields": {"name": "Laura Jazmín Schencman"}}, {"model": "main.author", "pk": 28, "fields": {"name": "Mariano Gonzalez King"}}, {"model": "main.author", "pk": 29, "fields": {"name": "Agustina Bendersky"}}, {"model": "main.author", "pk": 30, "fields": {"name": "María Luz"}}, {"model": "main.author", "pk": 31, "fields": {"name": "Falivene Fernández"}}, {"model": "main.author", "pk": 32, "fields": {"name": "Nuria Zanzzottera"}}, {"model": "main.author", "pk": 33, "fields": {"name": "Ministerio de Ambiente y Desarrollo Sostenible"}}, {"model": "main.author", "pk": 34, "fields": {"name": "Florencia Trentini"}}, {"model": "main.book", "pk": 254, "fields": {"year": 2023, "category": "Adaptación", "date": "2025-02-11T04:46:04.446Z", "url": "https://ciam.ambiente.gob.ar/images/uploaded/recursos/377/Establecimientos%20de%20atenci%C3%B3n%20de%20la%20salud%20y%20adaptaci%C3%B3n%20al%20cambio%20clim%C3%A1tico.pdf", "image": "", "comunidad": false, "capacitaciones": false, "ciudadania": false, "format": "Documento", "authors": [2]}}, {"model": "main.book", "pk": 255, "fields": {"year": 2023, "category": "Adaptación", "date": "2025-02-11T04:46:04.673Z", "url": "https://ciam.ambiente.gob.ar/images/uploaded/recursos/379/Vectores%20y%20cambio%20clim%C3%A1tico.pdf", "image": "", "comunidad": false, "capacitaciones": true, "ciudadania": false, "format": "Documento", "authors": [3]}}, {"model": "main.book", "pk": 256, "fields": {"year": 2023, "category": "Adaptación", "date": "2025-02-11T04:46:04.724Z", "url": "https://ciam.ambiente.gob.ar/images/uploaded/recursos/398/Movilidad%20Humana%20y%20Cambio%20Clim%C3%A1tico.pdf", "image": "", "comunidad": false, "capacitaciones": false, "ciudadania": false, "format": "Documento", "authors": [4, 5]}}, {"model": "main.book", "pk": 257, "fields": {"year": 2022, "category": "Adaptación", "date": "2025-02-11T04:46:04.782Z", "url": "https://ciam.ambiente.gob.ar/images/uploaded/recursos/418/Actualizaci%C3%B3n%20de%20%C3%ADndices%20de%20vulnerabilidad%20social%20frente%20a%20desastres.%20Avance%202022..pdf", "image": "", "comunidad": false, "capacitaciones": false, "ciudadania": false, "format": "Documento", "authors": [6]}}, {"model": "main.book", "pk": 258, "fields": {"year": 2022, "category": "Adaptación", "date": "2025-02-11T04:46:04.850Z", "url": "https://ciam.ambiente.gob.ar/images/uploaded/recursos/399/La%20percepci%C3%B3n%20de%20la%20Sociedad%20Argentina%20sobre%20el%20cambio%20clim%C3%A1tico%20-%202022.pdf", "image": "", "comunidad": false, "capacitaciones": false, "ciudadania": true, "format": "Documento", "authors": [7]}}, {"model": "main.book", "pk": 259, "fields": {"year": 2023, "category": "Adaptación", "date": "2025-02-11T04:46:04.968Z", "url": "https://ciam.ambiente.gob.ar/images/uploaded/recursos/570/La%20percepci%C3%B3n%20de%20la%20sociedad%20argentina%20sobre%20cambio%20clim%C3%A1tico%202023.pdf", "image": "", "comunidad": false, "capacitaciones": false, "ciudadania": true, "format": "Documento", "authors": [7]}}, {"model": "main.book", "pk": 260, "fields": {"year": 2021, "category": "Adaptación", "date": "2025-02-11T04:46:05.109Z", "url": "https://ciam.ambiente.gob.ar/images/uploaded/recursos/401/Lineamientos%20para%20la%20elaboraci%C3%B2n%20de%20planes%20de%20respuesta%20al%20cambio%20clim%C3%A1tico.pdf", "image": "", "comunidad": false, "capacitaciones": false, "ciudadania": false, "format": "Documento", "authors": [8, 9, 10, 11]}}, {"model": "main.book", "pk": 261, "fields": {"year": 2021, "category": "Adaptación", "date": "2025-02-11T04:46:05.336Z", "url": "https://ciam.ambiente.gob.ar/images/uploaded/recursos/403/Lineamientos%20para%20la%20transversalizaci%C3%B3n%20de%20la%20adaptaci%C3%B3n%20basada%20en%20ecosistemas%20en%20los%20planes%20de%20respuesta.pdf", "image": "", "comunidad": false, "capacitaciones": false, "ciudadania": false, "format": "Documento", "authors": [10, 11]}}, {"model": "main.book", "pk": 262, "fields": {"year": 2021, "category": "Adaptación", "date": "2025-02-11T04:46:05.426Z", "url": "https://ciam.ambiente.gob.ar/images/uploaded/recursos/400/Lineamientos%20para%20incorporar%20el%20enfoque%20de%20Adaptaci%C3%B3n%20basada%20en%20Comunidades%20en%20Planes%20de%20Respuesta%20al%20Cambio%20Clim%C3%A1tico.pdf", "image": "", "comunidad": false, "capacitaciones": false, "ciudadania": false, "format": "Documento", "authors": [12, 13, 14, 15]}}, {"model": "main.book", "pk": 263, "fields": {"year": 2023, "category": "Adaptación", "date": "2025-02-11T04:46:05.576Z", "url": "https://ciam.ambiente.gob.ar/images/uploaded/recursos/405/Cambio%20clim%C3%A1tico%20desde%20la%20visi%C3%B3n%20de%20los%20Pueblos%20Ind%C3%ADgenas.pdf", "image": "", "comunidad": true, "capacitaciones": false, "ciudadania": false, "format": "Documento", "authors": [16, 17, 18, 19]}}, {"model": "main.book", "pk": 264, "fields": {"year": 2023, "category": "Adaptación", "date": "2025-02-11T04:46:05.736Z", "url": "https://ciam.ambiente.gob.ar/images/uploaded/recursos/409/El%20acceso%20al%20conocimiento%20para%20ejercer%20el%20derecho%20a%20participar%20y%20decidir.pdf", "image": "", "comunidad": true, "capacitaciones": false, "ciudadania": false, "format": "Documento", "authors": [16, 17, 18, 19]}}, {"model": "main.book", "pk": 265, "fields": {"year": 2023, "category": "Adaptación", "date": "2025-02-11T04:46:05.918Z", "url": "https://ciam.ambiente.gob.ar/images/uploaded/recursos/411/Instrumentos%20que%20garantizan%20la%20participaci%C3%B3n%20de%20los%20Pueblos%20Ind%C3%ADgenas%20.pdf", "image": "", "comunidad": true, "capacitaciones": false, "ciudadania": false, "format": "Documento", "authors": [16, 17, 18, 19]}}, {"model": "main.book", "pk": 266, "fields": {"year": 2022, "category": "Adaptación, Mitigación, Pérdidas y daños", "date": "2025-02-11T04:46:06.027Z", "url": "https://ciam.ambiente.gob.ar/images/uploaded/recursos/382/2022%20Informe%20Anual%20de%20Gesti%C3%B3n%20del%20GNCC.pdf", "image": "", "comunidad": false, "capacitaciones": false, "ciudadania": false, "format": "Documento", "authors": [20]}}, {"model": "main.book", "pk": 267, "fields": {"year": 2023, "category": "Adaptación, Mitigación, Pérdidas y daños", "date": "2025-02-11T04:46:06.076Z", "url": "https://ciam.ambiente.gob.ar/images/uploaded/recursos/385/2023%20Informe%20Anual%20de%20Gesti%C3%B3n%20GNCC.docx.pdf", "image": "", "comunidad": false, "capacitaciones": false, "ciudadania": false, "format": "Documento", "authors": [20]}}, {"model": "main.book", "pk": 268, "fields": {"year": 2021, "category": "Adaptación, Mitigación, Pérdidas y daños", "date": "2025-02-11T04:46:06.107Z", "url": "https://ciam.ambiente.gob.ar/images/uploaded/recursos/386/Informe%20Anual%20GNCC%202021.pdf", "image": "", "comunidad": false, "capacitaciones": false, "ciudadania": false, "format": "Documento", "authors": [20]}}, {"model": "main.book", "pk": 269, "fields": {"year": 2020, "category": "Adaptación, Mitigación, Pérdidas y daños", "date": "2025-02-11T04:46:06.165Z", "url": "https://ciam.ambiente.gob.ar/images/uploaded/recursos/387/Informe%20Anual%20GNCC%202020.pdf", "image": "", "comunidad": false, "capacitaciones": false, "ciudadania": false, "format": "Documento", "authors": [20]}}, {"model": "main.book", "pk": 270, "fields": {"year": 2019, "category": "Adaptación, Mitigación, Pérdidas y daños", "date": "2025-02-11T04:46:06.228Z", "url": "https://ciam.ambiente.gob.ar/images/uploaded/recursos/388/informe_de_actividades_2016-_2019_.pdf", "image": "", "comunidad": false, "capacitaciones": false, "ciudadania": false, "format": "Documento", "authors": [20]}}, {"model": "main.book", "pk": 271, "fields": {"year": 2018, "category": "Adaptación, Mitigación, Pérdidas y daños", "date": "2025-02-11T04:46:06.293Z", "url": "https://ciam.ambiente.gob.ar/images/uploaded/recursos/389/2018%20Informe%20de%20Actividades%20GNCC.pdf", "image": "", "comunidad": false, "capacitaciones": false, "ciudadania": false, "format": "Documento", "authors": [20]}}, {"model": "main.book", "pk": 272, "fields": {"year": 2017, "category": "Adaptación, Mitigación, Pérdidas y daños", "date": "2025-02-11T04:46:06.361Z", "url": "https://ciam.ambiente.gob.ar/images/uploaded/recursos/390/2017%20Informe%20de%20Actividades%20GNCC.pdf", "image": "", "comunidad": false, "capacitaciones": false, "ciudadania": false, "format": "Documento", "authors": [20]}}, {"model": "main.book", "pk": 273, "fields": {"year": 2022, "category": "Adaptación, Mitigación, Pérdidas y daños", "date": "2025-02-11T04:46:06.409Z", "url": "https://ciam.ambiente.gob.ar/images/uploaded/recursos/392/2022%20Informe%20Anual%20CAE.pdf", "image": "", "comunidad": false, "capacitaciones": false, "ciudadania": false, "format": "Documento", "authors": [20]}}, {"model": "main.book", "pk": 274, "fields": {"year": 2023, "category": "Adaptación, Mitigación, Pérdidas y daños", "date": "2025-02-11T04:46:06.507Z", "url": "https://ciam.ambiente.gob.ar/images/uploaded/recursos/393/2023%20Informe%20Anual%20CAE.pdf", "image": "", "comunidad": false, "capacitaciones": false, "ciudadania": false, "format": "Documento", "authors": [20]}}, {"model": "main.book", "pk": 275, "fields": {"year": 2023, "category": "Adaptación, Mitigación, Pérdidas y daños", "date": "2025-02-11T04:46:06.595Z", "url": "https://ciam.ambiente.gob.ar/images/uploaded/recursos/420/Estrategia%20Nacional%20de%20G%C3%A9neros,%20Diversidad%20y%20Cambio%20Clim%C3%A1tico.pdf", "image": "", "comunidad": false, "capacitaciones": false, "ciudadania": true, "format": "Documento", "authors": [19, 22, 30, 31, 34]}}, {"model": "main.book", "pk": 276, "fields": {"year": 2023, "category": "Adaptación, Mitigación, Pérdidas y daños", "date": "2025-02-11T04:46:06.779Z", "url": "https://ciam.ambiente.gob.ar/images/uploaded/recursos/421/la%20adaptacion%20al%20cambio%20climatico%20desde%20una%20perspectiva%20de%20genero%20y%20diversidad.pdf", "image": "", "comunidad": false, "capacitaciones": false, "ciudadania": true, "format": "Documento", "authors": [19, 22, 23, 24, 25, 26, 27, 28]}}, {"model": "main.book", "pk": 277, "fields": {"year": 2023, "category": "Adaptación, Mitigación, Pérdidas y daños", "date": "2025-02-11T04:46:07.015Z", "url": "https://ciam.ambiente.gob.ar/images/uploaded/recursos/423/La%20perspectiva%20de%20g%C3%ABnero%20y%20diversidad%20en%20la%20pol%C3%ACtica%20clim%C3%A1tica%20argentina.%20Sector%20Agro%20y%20Bosques..pdf", "image": "", "comunidad": false, "capacitaciones": false, "ciudadania": true, "format": "Documento", "authors": [19, 22, 23, 29, 30, 31, 32]}}, {"model": "main.book", "pk": 278, "fields": {"year": 2023, "category": "Adaptación, Mitigación, Pérdidas y daños", "date": "2025-02-11T04:46:07.238Z", "url": "https://ciam.ambiente.gob.ar/images/uploaded/recursos/462/Infografia%20Agro%20y%20bosques.pdf", "image": "", "comunidad": false, "capacitaciones": false, "ciudadania": true, "format": "Infografía", "authors": [19, 22, 23, 29, 30, 31, 32]}}, {"model": "main.book", "pk": 279, "fields": {"year": 2023, "category": "Adaptación, Mitigación, Pérdidas y daños", "date": "2025-02-11T04:46:07.402Z", "url": "https://ciam.ambiente.gob.ar/images/uploaded/recursos/428/La%20perspectiva%20de%20g%C3%ABnero%20y%20diversidad%20en%20la%20pol%C3%ACtica%20clim%C3%A1tica%20argentina.%20Sector%20Energ%C3%ADa..pdf", "image": "", "comunidad": false, "capacitaciones": false, "ciudadania": true, "format": "Documento", "authors": [19, 22, 23, 29, 30, 31, 32]}}, {"model": "main.book", "pk": 280, "fields": {"year": 2023, "category": "Adaptación, Mitigación, Pérdidas y daños", "date": "2025-02-11T04:46:07.773Z", "url": "https://ciam.ambiente.gob.ar/images/uploaded/recursos/463/Infografia%20Energia.pdf", "image": "", "comunidad": false, "capacitaciones": false, "ciudadania": true, "format": "Infografía", "authors": [19, 22, 23, 29, 30, 31, 32]}}, {"model": "main.book", "pk": 281, "fields": {"year": 2023, "category": "Adaptación, Mitigación, Pérdidas y daños", "date": "2025-02-11T04:46:07.923Z", "url": "https://ciam.ambiente.gob.ar/images/uploaded/recursos/430/La%20perspectiva%20de%20g%C3%ABnero%20y%20diversidad%20en%20la%20pol%C3%ACtica%20clim%C3%A1tica%20argentina.%20Sector%20Industria..pdf", "image": "", "comunidad": false, "capacitaciones": false, "ciudadania": true, "format": "Documento", "authors": [19, 22, 23, 29, 30, 31, 32]}}, {"model": "main.book", "pk": 282, "fields": {"year": 2023, "category": "Adaptación, Mitigación, Pérdidas y daños", "date": "2025-02-11T04:46:08.085Z", "url": "https://ciam.ambiente.gob.ar/images/uploaded/recursos/464/Infografia%20Industria%20y%20g%C3%A9nero.pdf", "image": "", "comunidad": false, "capacitaciones": false, "ciudadania": true, "format": "Infografía", "authors": [19, 22, 23, 29, 30, 31, 32]}}, {"model": "main.book", "pk": 283, "fields": {"year": 2023, "category": "Adaptación, Mitigación, Pérdidas y daños", "date": "2025-02-11T04:46:08.252Z", "url": "https://ciam.ambiente.gob.ar/images/uploaded/recursos/431/La%20perspectiva%20de%20g%C3%ABnero%20y%20diversidad%20en%20la%20pol%C3%ACtica%20clim%C3%A1tica%20argentina.%20Sector%20Salud..pdf", "image": "", "comunidad": false, "capacitaciones": false, "ciudadania": true, "format": "Documento", "authors": [19, 22, 23, 29, 30, 31, 32]}}, {"model": "main.book", "pk": 284, "fields": {"year": 2023, "category": "Adaptación, Mitigación, Pérdidas y daños", "date": "2025-02-11T04:46:08.420Z", "url": "https://ciam.ambiente.gob.ar/images/uploaded/recursos/466/Infografia%20Salud.pdf", "image": "", "comunidad": false, "capacitaciones": false, "ciudadania": true, "format": "Infografía", "authors": [19, 22, 23, 29, 30, 31, 32]}}, {"model": "main.book", "pk": 285, "fields": {"year": 2023, "category": "Adaptación, Mitigación, Pérdidas y daños", "date": "2025-02-11T04:46:08.528Z", "url": "https://ciam.ambiente.gob.ar/images/uploaded/recursos/432/La%20perspectiva%20de%20g%C3%ABnero%20y%20diversidad%20en%20la%20pol%C3%ACtica%20clim%C3%A1tica%20argentina.%20Sector%20Transporte..pdf", "image": "", "comunidad": false, "capacitaciones": false, "ciudadania": true, "format": "Documento", "authors": [19, 22, 23, 29, 30, 31, 32]}}, {"model": "main.book", "pk": 286, "fields": {"year": 2023, "category": "Adaptación, Mitigación, Pérdidas y daños", "date": "2025-02-11T04:46:08.668Z", "url": "https://ciam.ambiente.gob.ar/images/uploaded/recursos/469/Infografia%20Transporte.pdf", "image": "", "comunidad": false, "capacitaciones": false, "ciudadania": true, "format": "Infografía", "authors": [19, 22, 23, 29, 30, 31, 32]}}, {"model": "main.book", "pk": 287, "fields": {"year": 2023, "category": "Adaptación, Mitigación, Pérdidas y daños", "date": "2025-02-11T04:46:08.827Z", "url": "https://ciam.ambiente.gob.ar/images/uploaded/recursos/429/manual_genero_sector_turismo.pdf", "image": "", "comunidad": false, "capacitaciones": false, "ciudadania": true, "format": "Documento", "authors": [19, 22, 23, 29, 30, 31, 32]}}, {"model": "main.book", "pk": 288, "fields": {"year": 2023, "category": "Adaptación, Mitigación, Pérdidas y daños", "date": "2025-02-11T04:46:09.018Z", "url": "https://ciam.ambiente.gob.ar/images/uploaded/recursos/471/Infografia%20Turismo.pdf", "image": "", "comunidad": false, "capacitaciones": false, "ciudadania": true, "format": "Infografía", "authors": [19, 22, 23, 29, 30, 31, 32]}}, {"model": "main.book", "pk": 289, "fields": {"year": 2022, "category": "Adaptación", "date": "2025-02-11T04:46:09.163Z", "url": "https://ciam.ambiente.gob.ar/images/uploaded/recursos/417/Metodolog%C3%ADa%20para%20el%20desarrollo%20de%20procesos%20participativos%20con%20Pueblos%20Ind%C3%ADgenas.pdf", "image": "", "comunidad": false, "capacitaciones": false, "ciudadania": true, "format": "Documento", "authors": []}}, {"model": "main.book", "pk": 290, "fields": {"year": 2022, "category": "Adaptación", "date": "2025-02-11T04:46:09.226Z", "url": "https://ciam.ambiente.gob.ar/images/uploaded/recursos/408/Informe%20final%20Dialogos%20Interculturales%202022.pdf", "image": "", "comunidad": false, "capacitaciones": false, "ciudadania": true, "format": "Documento", "authors": []}}, {"model": "main.book", "pk": 291, "fields": {"year": 2022, "category": "Adaptación", "date": "2025-02-11T04:46:09.265Z", "url": "https://ciam.ambiente.gob.ar/images/uploaded/recursos/410/_Informe%20de%20resultados%20de%20Di%C3%A1logo%20Intercultural%20-%20Regi%C3%B3n%20NOA%20(Julio%202022).pdf", "image": "", "comunidad": false, "capacitaciones": false, "ciudadania": true, "format": "Documento", "authors": []}}, {"model": "main.book", "pk": 292, "fields": {"year": 2022, "category": "Adaptación", "date": "2025-02-11T04:46:09.354Z", "url": "https://ciam.ambiente.gob.ar/images/uploaded/recursos/412/_Informe%20de%20resultados%20de%20Di%C3%A1logo%20Intercultural%20-%20Regi%C3%B3n%20NEA%20(Noviembre%202022)%20.pdf", "image": "", "comunidad": false, "capacitaciones": false, "ciudadania": true, "format": "Documento", "authors": []}}, {"model": "main.book", "pk": 293, "fields": {"year": 2022, "category": "Adaptación", "date": "2025-02-11T04:46:09.458Z", "url": "https://ciam.ambiente.gob.ar/images/uploaded/recursos/414/_Informe%20de%20resultados%20de%20Di%C3%A1logo%20Intercultural%20-%20Regi%C3%B3n%20Centro%20(Septiembre%202022).pdf", "image": "", "comunidad": false, "capacitaciones": false, "ciudadania": true, "format": "Documento", "authors": []}}, {"model": "main.book", "pk": 294, "fields": {"year": 2022, "category": "Adaptación", "date": "2025-02-11T04:46:09.518Z", "url": "https://ciam.ambiente.gob.ar/images/uploaded/recursos/415/_Informe%20de%20resultados%20de%20Di%C3%A1logo%20Intercultural%20-%20Regi%C3%B3n%20Sur%20(Octubre%202022).pdf", "image": "", "comunidad": false, "capacitaciones": false, "ciudadania": true, "format": "Documento", "authors": []}}, {"model": "main.book", "pk": 295, "fields": {"year": 2021, "category": "Adaptación", "date": "2025-02-11T04:46:09.557Z", "url": "https://ciam.ambiente.gob.ar/images/uploaded/recursos/407/Informe%20de%20resultados%202021-%20Espacios%20de%20encuentro%20y%20capacitaci%C3%B3n.pdf", "image": "", "comunidad": false, "capacitaciones": true, "ciudadania": true, "format": "Documento", "authors": []}}, {"model": "main.book", "pk": 296, "fields": {"year": 2022, "category": "Adaptación", "date": "2025-02-11T04:46:09.637Z", "url": "https://ciam.ambiente.gob.ar/images/uploaded/recursos/404/Informe%20de%20resultados%20-%202022%20Mesa%20regional.pdf", "image": "", "comunidad": false, "capacitaciones": false, "ciudadania": true, "format": "Documento", "authors": []}}, {"model": "main.book", "pk": 297, "fields": {"year": 2023, "category": "Adaptación", "date": "2025-02-11T04:46:09.677Z", "url": "https://ciam.ambiente.gob.ar/images/uploaded/recursos/402/Informe%20final%20Talleres%20de%20co-dise%C3%B1o%20con%20Pueblos%20Ind%C3%ADgenas.pdf", "image": "", "comunidad": false, "capacitaciones": false, "ciudadania": true, "format": "Documento", "authors": []}}, {"model": "main.book", "pk": 298, "fields": {"year": 2023, "category": "Pérdidas y daños", "date": "2025-02-11T04:46:09.738Z", "url": "https://ciam.ambiente.gob.ar/images/uploaded/recursos/427/manual_cultura.pdf", "image": "", "comunidad": true, "capacitaciones": false, "ciudadania": false, "format": "Documento", "authors": []}}, {"model": "main.book", "pk": 299, "fields": {"year": 2023, "category": "Adaptación", "date": "2025-02-11T04:46:09.790Z", "url": "https://ciam.ambiente.gob.ar/images/uploaded/recursos/422/IVSD_indicadores%20por%20departamento.pdf", "image": "", "comunidad": false, "capacitaciones": false, "ciudadania": false, "format": "Documento", "authors": []}}, {"model": "main.book", "pk": 300, "fields": {"year": 2023, "category": "Adaptación", "date": "2025-02-11T04:46:09.879Z", "url": "https://ciam.ambiente.gob.ar/images/uploaded/recursos/424/ivsd_departamentos.pdf", "image": "", "comunidad": false, "capacitaciones": false, "ciudadania": false, "format": "Documento", "authors": []}}, {"model": "main.book", "pk": 301, "fields": {"year": 2023, "category": "Adaptación", "date": "2025-02-11T04:46:09.926Z", "url": "https://ciam.ambiente.gob.ar/images/uploaded/recursos/425/ivsd_provincias.pdf", "image": "", "comunidad": false, "capacitaciones": false, "ciudadania": false, "format": "Documento", "authors": []}}, {"model": "main.book", "pk": 302, "fields": {"year": 2023, "category": "Adaptación", "date": "2025-02-11T04:46:09.957Z", "url": "https://ciam.ambiente.gob.ar/images/uploaded/recursos/426/IVSD%20indicadores%20por%20provincia.pdf", "image": "", "comunidad": false, "capacitaciones": false, "ciudadania": false, "format": "Documento", "authors": []}}, {"model": "main.book", "pk": 303, "fields": {"year": 2023, "category": "Adaptación, Mitigación, Pérdidas y daños", "date": "2025-02-11T04:46:09.982Z", "url": "https://ciam.ambiente.gob.ar/images/uploaded/recursos/439/2023%20ENACE%20Argentina_final.pdf", "image": "", "comunidad": true, "capacitaciones": false, "ciudadania": true, "format": "Documento", "authors": [33]}}, {"model": "main.book", "pk": 304, "fields": {"year": 2023, "category": "Adaptación, Mitigación, Pérdidas y daños", "date": "2025-02-11T04:46:10.073Z", "url": "https://ciam.ambiente.gob.ar/images/uploaded/recursos/440/2023%20ENACE_Informe%20consulta%20p%C3%BAblica.pdf", "image": "", "comunidad": true, "capacitaciones": false, "ciudadania": true, "format": "Documento", "authors": [33]}}, {"model": "main.book", "pk": 305, "fields": {"year": 2023, "category": "Adaptación, Mitigación, Pérdidas y daños", "date": "2025-02-11T04:46:10.159Z", "url": "https://ciam.ambiente.gob.ar/images/uploaded/recursos/441/2023%20Informe%20de%20Resultados_Proceso%20participativo%20ENACE.pdf", "image": "", "comunidad": true, "capacitaciones": false, "ciudadania": true, "format": "Documento", "authors": [33]}}, {"model": "main.book", "pk": 306, "fields": {"year": 2022, "category": "Adaptación", "date": "2025-02-11T04:46:10.268Z", "url": "https://ciam.ambiente.gob.ar/images/uploaded/recursos/442/Patagonia%20Cadenas%20de%20Riesgos.pdf", "image": "", "comunidad": false, "capacitaciones": false, "ciudadania": false, "format": "Documento", "authors": [33]}}, {"model": "main.book", "pk": 307, "fields": {"year": 2022, "category": "Adaptación", "date": "2025-02-11T04:46:10.327Z", "url": "https://ciam.ambiente.gob.ar/images/uploaded/recursos/443/NEA%20Cadenas%20de%20Riesgos.pdf", "image": "", "comunidad": false, "capacitaciones": false, "ciudadania": false, "format": "Documento", "authors": [33]}}, {"model": "main.book", "pk": 308, "fields": {"year": 2022, "category": "Adaptación, Mitigación, Pérdidas y daños", "date": "2025-02-17T00:01:19.353Z", "url": "https://www.argentina.gob.ar/sites/default/files/pnaymcc_2022_-_vf_resol.pdf", "image": "books/pnaymcc.png", "comunidad": false, "capacitaciones": false, "ciudadania": false, "format": "Documento", "authors": []}}, {"model": "main.bookversion", "pk": 55, "fields": {"lang": "es", "book": 254, "title": "Establecimientos de atención de la salud y Adaptación al Cambio Climático", "description": ""}}, {"model": "main.bookversion", "pk": 56, "fields": {"lang": "es", "book": 255, "title": "Abordaje de las enfermedades transmitidas por vectores en el contexto de cambio climático", "description": ""}}, {"model": "main.bookversion", "pk": 57, "fields": {"lang": "es", "book": 256, "title": "Movilidad humana y cambio climático: Aproximación conceptual y abordaje en el contexto argentino  ", "description": ""}}, {"model": "main.bookversion", "pk": 58, "fields": {"lang": "es", "book": 257, "title": "Actualización de índices de\r\nvulnerabilidad social frente a\r\ndesastres\r\nAvance 2022", "description": ""}}, {"model": "main.bookversion", "pk": 59, "fields": {"lang": "es", "book": 258, "title": "Resumen ejecutivo: La percepción de la sociedad argentina sobre el cambio climático", "description": "Resumen ejecutivo"}}, {"model": "main.bookversion", "pk": 60, "fields": {"lang": "es", "book": 259, "title": "Informe la percepción de la sociedad argentina sobre el cambio climático", "description": ""}}, {"model": "main.bookversion", "pk": 61, "fields": {"lang": "es", "book": 260, "title": "Lineamientos para la elaboración de planes de respuesta al cambio climático: Componente de adaptación", "description": ""}}, {"model": "main.bookversion", "pk": 62, "fields": {"lang": "es", "book": 261, "title": "Lineamientos para incorporar el enfoque Adaptación basada en Ecosistemas en Planes de Respuesta al Cambio Climático.", "description": "Publicación con marco conceptual de enfoque de adaptación basado en ecosistemas. Recomendaciones ."}}, {"model": "main.bookversion", "pk": 63, "fields": {"lang": "es", "book": 262, "title": "Lineamientos para incorporar el enfoque Adaptación basada en Comunidades en Planes de Respuesta al Cambio Climático.", "description": "Publicación con marco conceptual de enfoque de adaptación basado en comunidades. Recomendaciones ."}}, {"model": "main.bookversion", "pk": 64, "fields": {"lang": "es", "book": 263, "title": "Cambio climático desde la visión de los Pueblos Indígenas", "description": ""}}, {"model": "main.bookversion", "pk": 65, "fields": {"lang": "es", "book": 264, "title": "El acceso al conocimiento\r\npara ejercer el derecho\r\na participar y decidir", "description": ""}}, {"model": "main.bookversion", "pk": 66, "fields": {"lang": "es", "book": 265, "title": "Instrumentos que garantizan la participación de los Pueblos Indígenas a nivel nacional e internacional", "description": ""}}, {"model": "main.bookversion", "pk": 67, "fields": {"lang": "es", "book": 266, "title": "Informe Anual Gabinte Nacional de Cambio Climático ", "description": "Informe Anual del Gabinete Nacional de Cambio Climático – Año 2022"}}, {"model": "main.bookversion", "pk": 68, "fields": {"lang": "es", "book": 267, "title": "Informe Anual Gabinte Nacional de Cambio Climático ", "description": "Informe Anual del Gabinete Nacional de Cambio Climático – Año 2023"}}, {"model": "main.bookversion", "pk": 69, "fields": {"lang": "es", "book": 268, "title": "Informe Anual Gabinte Nacional de Cambio Climático ", "description": "Informe Anual del Gabinete Nacional de Cambio Climático – Año 2021"}}, {"model": "main.bookversion", "pk": 70, "fields": {"lang": "es", "book": 269, "title": "Informe Anual Gabinte Nacional de Cambio Climático ", "description": "Informe Anual del Gabinete Nacional de Cambio Climático – Año 2020"}}, {"model": "main.bookversion", "pk": 71, "fields": {"lang": "es", "book": 270, "title": "Informe Anual Gabinte Nacional de Cambio Climático ", "description": "Informe de Actividades del Gabinete Nacional de Cambio Climático – Año 2016 al 2019"}}, {"model": "main.bookversion", "pk": 72, "fields": {"lang": "es", "book": 271, "title": "Informe Anual Gabinte Nacional de Cambio Climático ", "description": "Informe de Actividades del Gabinete Nacional de Cambio Climático – Año 2018"}}, {"model": "main.bookversion", "pk": 73, "fields": {"lang": "es", "book": 272, "title": "Informe Anual Gabinte Nacional de Cambio Climático ", "description": "Informe de Actividades del Gabinete Nacional de Cambio Climático – Año 2017"}}, {"model": "main.bookversion", "pk": 74, "fields": {"lang": "es", "book": 273, "title": "Informe Anual Consejo Asesor Externo", "description": "Informe de Actividades del Consejo Asesor Externo – Año 2022"}}, {"model": "main.bookversion", "pk": 75, "fields": {"lang": "es", "book": 274, "title": "Informe Anual Consejo Asesor Externo", "description": "Informe de Actividades del Consejo Asesor Externo – Año 2023"}}, {"model": "main.bookversion", "pk": 76, "fields": {"lang": "es", "book": 275, "title": "\r\nEstrategia de Géneros, Diversidad y Cambio Climático", "description": "Bases para el abordaje del tema en la acción climática y se establece como instrumento rector para la transversalización de la perspectiva de género y diversidad de la política climática argentina. "}}, {"model": "main.bookversion", "pk": 77, "fields": {"lang": "es", "book": 276, "title": "La adaptación al cambio climático desde una perspectiva de género y diversidad", "description": "Marco introductorio sobre la problemática del cambio climático desde una perspectiva de género y diversidad."}}, {"model": "main.bookversion", "pk": 78, "fields": {"lang": "es", "book": 277, "title": "La perspectiva de género y diversidad en la política climática argentina Sector agro y bosques ", "description": "Guías  que presentan conceptos y herramientas para transversalizar la perspectiva de género y diversidad en la planificación de acciones climáticas sectoriales. Identifican las principales brechas de género en los distintos sectores e ilustran, a través de ejemplos y recomendaciones, de qué manera incorporar este enfoque en el diseño de medidas.  Las infografías arrojan los principales hallazgos por sector"}}, {"model": "main.bookversion", "pk": 79, "fields": {"lang": "es", "book": 278, "title": "Infografía La perspectiva de género y diversidad en la política climática argentina Sector agro y bosques ", "description": ""}}, {"model": "main.bookversion", "pk": 80, "fields": {"lang": "es", "book": 279, "title": "La perspectiva de género y diversidad en la política climática argentina Sector Energía.", "description": ""}}, {"model": "main.bookversion", "pk": 81, "fields": {"lang": "es", "book": 280, "title": "Infografía La perspectiva de género y diversidad en la política climática argentina Sector Energía", "description": ""}}, {"model": "main.bookversion", "pk": 82, "fields": {"lang": "es", "book": 281, "title": "La perspectiva de género y diversidad en la política climática argentina Sector Industria.", "description": ""}}, {"model": "main.bookversion", "pk": 83, "fields": {"lang": "es", "book": 282, "title": "Infografía La perspectiva de género y diversidad en la política climática argentina Sector Industria.", "description": ""}}, {"model": "main.bookversion", "pk": 84, "fields": {"lang": "es", "book": 283, "title": "La perspectiva de género y diversidad en la política climática argentina Sector Salud.", "description": ""}}, {"model": "main.bookversion", "pk": 85, "fields": {"lang": "es", "book": 284, "title": "Infografía La perspectiva de género y diversidad en la política climática argentina Sector Salud.", "description": ""}}, {"model": "main.bookversion", "pk": 86, "fields": {"lang": "es", "book": 285, "title": "La perspectiva de género y diversidad en la política climática argentina Sector Transporte.", "description": ""}}, {"model": "main.bookversion", "pk": 87, "fields": {"lang": "es", "book": 286, "title": "Infografía La perspectiva de género y diversidad en la política climática argentina Sector Transporte", "description": ""}}, {"model": "main.bookversion", "pk": 88, "fields": {"lang": "es", "book": 287, "title": "La perspectiva de género y diversidad en la política climática argentina Sector Turismo.", "description": ""}}, {"model": "main.bookversion", "pk": 89, "fields": {"lang": "es", "book": 288, "title": "Infografía La perspectiva de género y diversidad en la política climática argentina Sector Turismo.", "description": ""}}, {"model": "main.bookversion", "pk": 90, "fields": {"lang": "es", "book": 289, "title": "Metodología para el desarrollo de procesos participativos con Pueblos Indígenas", "description": "El documento detalla la metodología para el desarrollo del proceso participativo con Pueblos Indígenas, siendo el documento soporte para facilitar los Diálogos Interculturales realizados durante el año 2022"}}, {"model": "main.bookversion", "pk": 91, "fields": {"lang": "es", "book": 290, "title": "Informe final Proceso participativo con Pueblos Indígenas", "description": "El documento presenta los principales resultados de los DIálogos Interculturales llevados adelante en 2022 en el marco de la elaboración del PNAyMCC"}}, {"model": "main.bookversion", "pk": 92, "fields": {"lang": "es", "book": 291, "title": "Informe final Proceso participativo con Pueblos Indígenas Región NOA", "description": "El documento presenta los principales resultados de los DIálogos Interculturales llevados adelante en 2022 en la región NOA en el marco de la elaboración del PNAyMCC"}}, {"model": "main.bookversion", "pk": 93, "fields": {"lang": "es", "book": 292, "title": "Informe final Proceso participativo con Pueblos Indígenas Región NEA", "description": "El documento presenta los principales resultados de los DIálogos Interculturales llevados adelante en 2022 en la región NEAen el marco de la elaboración del PNAyMCC"}}, {"model": "main.bookversion", "pk": 94, "fields": {"lang": "es", "book": 293, "title": "Informe final Proceso participativo con Pueblos Indígenas Región Centro", "description": "El documento presenta los principales resultados de los DIálogos Interculturales llevados adelante en 2022 en la región Centro en el marco de la elaboración del PNAyMCC"}}, {"model": "main.bookversion", "pk": 95, "fields": {"lang": "es", "book": 294, "title": "Informe final Proceso participativo con Pueblos Indígenas Región Sur", "description": "El documento presenta los principales resultados de los DIálogos Interculturales llevados adelante en 2022 en la región Sur en el marco de la elaboración del PNAyMCC"}}, {"model": "main.bookversion", "pk": 96, "fields": {"lang": "es", "book": 295, "title": "Informe de resultados 2021- Espacios de encuentro y capacitación", "description": "Informe de resultados de los espacios de encuentro y capacitación  con sociedad civil durante el 2021 para la elaboración del Plan Nacional de Adaptación"}}, {"model": "main.bookversion", "pk": 97, "fields": {"lang": "es", "book": 296, "title": "Informe de resultados - 2022 Mesa regional", "description": "Informe de resultados de los espacios de encuentro y capacitación con sociedad civil durante el 2022 para la elaboración del Plan Nacional de Adaptación"}}, {"model": "main.bookversion", "pk": 98, "fields": {"lang": "es", "book": 297, "title": "Informe final Talleres de co-diseño con Pueblos Indígenas", "description": "Principales resultados del taller de co-diseño con Pueblos Indigenas que tuvo como objetivo elaborar  los mensajes clave y contenidos de los materiales comunicacionales sobre cambio climático con una mirada desde y hacia la\ninterculturalidad contemplando el buen vivir, territorio y la cosmovisión de los pueblos y comunidades indígenas."}}, {"model": "main.bookversion", "pk": 99, "fields": {"lang": "es", "book": 298, "title": "Cultura y cambio climático Aproximación conceptual y abordaje en el contexto argentino", "description": "Publicación que aborda una aproximación conceptual de la Dimensión cultural en vinculación con el cambio climático, tomando como ejes los patrimonios culturales tangibles e intangibles y la industria cultural."}}, {"model": "main.bookversion", "pk": 100, "fields": {"lang": "es", "book": 299, "title": "IVSD: indicadores relativos a escala departamental", "description": ""}}, {"model": "main.bookversion", "pk": 101, "fields": {"lang": "es", "book": 300, "title": "Cartografía temática IVSD escala departamental", "description": ""}}, {"model": "main.bookversion", "pk": 102, "fields": {"lang": "es", "book": 301, "title": "Cartografía temática IVSD escala provincial", "description": ""}}, {"model": "main.bookversion", "pk": 103, "fields": {"lang": "es", "book": 302, "title": "IVSD: indicadores relativos a escala provincial \n", "description": ""}}, {"model": "main.bookversion", "pk": 104, "fields": {"lang": "es", "book": 303, "title": "Estrategia Nacional de Acción para el Empoderamiento Climático (ENACE)", "description": ""}}, {"model": "main.bookversion", "pk": 105, "fields": {"lang": "es", "book": 304, "title": "Informe sobre Consulta Pública de la Estrategia Nacional de Acción para el Empoderamiento Climático de la Argentina (ENACE)", "description": ""}}, {"model": "main.bookversion", "pk": 106, "fields": {"lang": "es", "book": 305, "title": "Informe de Resultados: Proceso de Participación para la construcción de la Estrategia Nacional de Acción para el Empoderamiento Climático de la Argentina (ENACE)", "description": ""}}, {"model": "main.bookversion", "pk": 107, "fields": {"lang": "es", "book": 306, "title": "Cadenas de riesgos de la Región Patagonia", "description": ""}}, {"model": "main.bookversion", "pk": 108, "fields": {"lang": "es", "book": 307, "title": "Cadenas de riesgos de la Región Noreste Argentino (NEA)", "description": ""}}, {"model": "main.bookversion", "pk": 109, "fields": {"lang": "es", "book": 308, "title": "Plan Nacional de Adaptación y Mitigación al Cambio Climático", "description": "Plan Nacional de Adaptación y Mitigación al Cambio Climático"}}, {"model": "main.bookreference", "pk": 1, "fields": {"book": 257, "post": 12}}, {"model": "main.bookreference", "pk": 2, "fields": {"book": 308, "post": 33}}, {"model": "main.bookreference", "pk": 3, "fields": {"book": 275, "post": 34}}, {"model": "main.bookreference", "pk": 4, "fields": {"book": 276, "post": 34}}, {"model": "main.internallink", "pk": 1, "fields": {"parent": 18, "image": "title/argentina.svg", "view": "mainv2:planes", "viewargs": null, "url": null}}, {"model": "main.internallink", "pk": 2, "fields": {"parent": 36, "image": "title/salvaguardas_HkpAooH.svg", "view": null, "viewargs": null, "url": "https://www.argentina.gob.ar/ambiente/cambio-climatico/sistema-informacion-salvaguardas"}}, {"model": "main.internallinkversion", "pk": 1, "fields": {"lang": "es", "link": 1, "title": "Planes de respuesta juridiccional", "description": ""}}, {"model": "main.internallinkversion", "pk": 2, "fields": {"lang": "es", "link": 2, "title": "Sistema de Información de Salvaguardas", "description": ""}}, {"model": "main.externallink", "pk": 1, "fields": {"url": "https://inventariogei.ambiente.gob.ar/", "category": "Adaptación, Mitigación, Pérdidas y daños"}}, {"model": "main.externallink", "pk": 2, "fields": {"url": "https://simarcc.ambiente.gob.ar/", "category": "Adaptación, Mitigación, Pérdidas y daños"}}, {"model": "main.externallink", "pk": 3, "fields": {"url": "https://www.argentina.gob.ar/interior/ambiente/ciam", "category": "Adaptación, Mitigación, Pérdidas y daños"}}, {"model": "main.externallinkversion", "pk": 1, "fields": {"lang": "es", "link": 1, "name": "INGEI", "description": "El Inventario Nacional de Gases de Efecto Invernadero permite identificar aquellos sectores del país con mayor potencial de reducción de emisiones a través de la implementación de Medidas de Mitigación."}}, {"model": "main.externallinkversion", "pk": 3, "fields": {"lang": "es", "link": 2, "name": "SIMARCC", "description": "Con el Sistema de Mapas de Riesgo del Cambio Climático (SIMARCC) podemos visualizar dónde se encuentran las zonas y poblaciones más vulnerables a las amenazas climáticas. Esta herramienta permite a los tomadores de decisión sumar esfuerzos y tomar medidas para trabajar en pos de reducir la vulnerabilidad."}}, {"model": "main.externallinkversion", "pk": 5, "fields": {"lang": "es", "link": 3, "name": "Centro de Información Ambiental", "description": "Acceso centralizado a información ambiental"}}, {"model": "main.externallinkversion", "pk": 7, "fields": {"lang": "en", "link": 1, "name": "INGEI", "description": "Test"}}, {"model": "main.plan", "pk": 3, "fields": {"provincia": "CA", "status": 1, "url": null}}, {"model": "main.plan", "pk": 4, "fields": {"provincia": "CH", "status": 1, "url": null}}, {"model": "main.plan", "pk": 5, "fields": {"provincia": "CB", "status": 1, "url": null}}, {"model": "main.plan", "pk": 6, "fields": {"provincia": "CBA", "status": 1, "url": null}}, {"model": "main.plan", "pk": 7, "fields": {"provincia": "CR", "status": 1, "url": null}}, {"model": "main.plan", "pk": 8, "fields": {"provincia": "CD", "status": 1, "url": null}}, {"model": "main.plan", "pk": 9, "fields": {"provincia": "ER", "status": 1, "url": null}}, {"model": "main.plan", "pk": 10, "fields": {"provincia": "FO", "status": 1, "url": null}}, {"model": "main.plan", "pk": 11, "fields": {"provincia": "PJ", "status": 1, "url": null}}, {"model": "main.plan", "pk": 12, "fields": {"provincia": "LP", "status": 1, "url": null}}, {"model": "main.plan", "pk": 13, "fields": {"provincia": "LR", "status": 1, "url": null}}, {"model": "main.plan", "pk": 14, "fields": {"provincia": "MD", "status": 1, "url": null}}, {"model": "main.plan", "pk": 15, "fields": {"provincia": "MI", "status": 1, "url": null}}, {"model": "main.plan", "pk": 16, "fields": {"provincia": "NE", "status": 1, "url": null}}, {"model": "main.plan", "pk": 17, "fields": {"provincia": "RN", "status": 1, "url": null}}, {"model": "main.plan", "pk": 18, "fields": {"provincia": "SA", "status": 1, "url": null}}, {"model": "main.plan", "pk": 19, "fields": {"provincia": "SJ", "status": 1, "url": null}}, {"model": "main.plan", "pk": 20, "fields": {"provincia": "SL", "status": 1, "url": null}}, {"model": "main.plan", "pk": 21, "fields": {"provincia": "SC", "status": 1, "url": null}}, {"model": "main.plan", "pk": 22, "fields": {"provincia": "SF", "status": 1, "url": null}}, {"model": "main.plan", "pk": 23, "fields": {"provincia": "SE", "status": 1, "url": null}}, {"model": "main.plan", "pk": 24, "fields": {"provincia": "TF", "status": 1, "url": null}}, {"model": "main.plan", "pk": 25, "fields": {"provincia": "TU", "status": 1, "url": null}}, {"model": "main.plan", "pk": 26, "fields": {"provincia": "BA", "status": 3, "url": "https://www.ambiente.gba.gob.ar/mitigacion/plan"}}, {"model": "main.planversion", "pk": 3, "fields": {"lang": "es", "plan": 3, "authority": "Lorem Ipsum", "respuesta": "Lorem Ipsum", "regulations": "Lorem Ipsum", "contact": "Lorem Ipsum"}}, {"model": "main.planversion", "pk": 4, "fields": {"lang": "es", "plan": 4, "authority": "Lorem Ipsum", "respuesta": "Lorem Ipsum", "regulations": "Lorem Ipsum", "contact": "Lorem Ipsum"}}, {"model": "main.planversion", "pk": 5, "fields": {"lang": "es", "plan": 5, "authority": "Lorem Ipsum", "respuesta": "Lorem Ipsum", "regulations": "Lorem Ipsum", "contact": "Lorem Ipsum"}}, {"model": "main.planversion", "pk": 6, "fields": {"lang": "es", "plan": 6, "authority": "Lorem Ipsum", "respuesta": "Lorem Ipsum", "regulations": "Lorem Ipsum", "contact": "Lorem Ipsum"}}, {"model": "main.planversion", "pk": 7, "fields": {"lang": "es", "plan": 7, "authority": "Lorem Ipsum", "respuesta": "Lorem Ipsum", "regulations": "Lorem Ipsum", "contact": "Lorem Ipsum"}}, {"model": "main.planversion", "pk": 8, "fields": {"lang": "es", "plan": 8, "authority": "Lorem Ipsum", "respuesta": "Lorem Ipsum", "regulations": "Lorem Ipsum", "contact": "Lorem Ipsum"}}, {"model": "main.planversion", "pk": 9, "fields": {"lang": "es", "plan": 9, "authority": "Lorem Ipsum", "respuesta": "Lorem Ipsum", "regulations": "Lorem Ipsum", "contact": "Lorem Ipsum"}}, {"model": "main.planversion", "pk": 10, "fields": {"lang": "es", "plan": 10, "authority": "Lorem Ipsum", "respuesta": "Lorem Ipsum", "regulations": "Lorem Ipsum", "contact": "Lorem Ipsum"}}, {"model": "main.planversion", "pk": 11, "fields": {"lang": "es", "plan": 11, "authority": "Lorem Ipsum", "respuesta": "Lorem Ipsum", "regulations": "Lorem Ipsum", "contact": "Lorem Ipsum"}}, {"model": "main.planversion", "pk": 12, "fields": {"lang": "es", "plan": 12, "authority": "Lorem Ipsum", "respuesta": "Lorem Ipsum", "regulations": "Lorem Ipsum", "contact": "Lorem Ipsum"}}, {"model": "main.planversion", "pk": 13, "fields": {"lang": "es", "plan": 13, "authority": "Lorem Ipsum", "respuesta": "Lorem Ipsum", "regulations": "Lorem Ipsum", "contact": "Lorem Ipsum"}}, {"model": "main.planversion", "pk": 14, "fields": {"lang": "es", "plan": 14, "authority": "Lorem Ipsum", "respuesta": "Lorem Ipsum", "regulations": "Lorem Ipsum", "contact": "Lorem Ipsum"}}, {"model": "main.planversion", "pk": 15, "fields": {"lang": "es", "plan": 15, "authority": "Lorem Ipsum", "respuesta": "Lorem Ipsum", "regulations": "Lorem Ipsum", "contact": "Lorem Ipsum"}}, {"model": "main.planversion", "pk": 16, "fields": {"lang": "es", "plan": 16, "authority": "Lorem Ipsum", "respuesta": "Lorem Ipsum", "regulations": "Lorem Ipsum", "contact": "Lorem Ipsum"}}, {"model": "main.planversion", "pk": 17, "fields": {"lang": "es", "plan": 17, "authority": "Lorem Ipsum", "respuesta": "Lorem Ipsum", "regulations": "Lorem Ipsum", "contact": "Lorem Ipsum"}}, {"model": "main.planversion", "pk": 18, "fields": {"lang": "es", "plan": 18, "authority": "Lorem Ipsum", "respuesta": "Lorem Ipsum", "regulations": "Lorem Ipsum", "contact": "Lorem Ipsum"}}, {"model": "main.planversion", "pk": 19, "fields": {"lang": "es", "plan": 19, "authority": "Lorem Ipsum", "respuesta": "Lorem Ipsum", "regulations": "Lorem Ipsum", "contact": "Lorem Ipsum"}}, {"model": "main.planversion", "pk": 20, "fields": {"lang": "es", "plan": 20, "authority": "Lorem Ipsum", "respuesta": "Lorem Ipsum", "regulations": "Lorem Ipsum", "contact": "Lorem Ipsum"}}, {"model": "main.planversion", "pk": 21, "fields": {"lang": "es", "plan": 21, "authority": "Lorem Ipsum", "respuesta": "Lorem Ipsum", "regulations": "Lorem Ipsum", "contact": "Lorem Ipsum"}}, {"model": "main.planversion", "pk": 22, "fields": {"lang": "es", "plan": 22, "authority": "Lorem Ipsum", "respuesta": "Lorem Ipsum", "regulations": "Lorem Ipsum", "contact": "Lorem Ipsum"}}, {"model": "main.planversion", "pk": 23, "fields": {"lang": "es", "plan": 23, "authority": "Lorem Ipsum", "respuesta": "Lorem Ipsum", "regulations": "Lorem Ipsum", "contact": "Lorem Ipsum"}}, {"model": "main.planversion", "pk": 24, "fields": {"lang": "es", "plan": 24, "authority": "Lorem Ipsum", "respuesta": "Lorem Ipsum", "regulations": "Lorem Ipsum", "contact": "Lorem Ipsum"}}, {"model": "main.planversion", "pk": 25, "fields": {"lang": "es", "plan": 25, "authority": "Lorem Ipsum", "respuesta": "Lorem Ipsum", "regulations": "Lorem Ipsum", "contact": "Lorem Ipsum"}}, {"model": "main.planversion", "pk": 26, "fields": {"lang": "es", "plan": 26, "authority": "Lorem Ipsum", "respuesta": "Lorem Ipsum", "regulations": "Lorem Ipsum", "contact": "<ul>\r\n<li>contacto 1</li>\r\n<li>contacto 2</li>\r\n</ul>"}}, {"model": "main.statictrans", "pk": 1, "fields": {"es": "Biblioteca SNICC"}}, {"model": "main.statictrans", "pk": 2, "fields": {"es": "Idioma"}}, {"model": "main.statictrans", "pk": 3, "fields": {"es": "Accesibilidad"}}, {"model": "main.statictrans", "pk": 4, "fields": {"es": "Sobre SNICC"}}, {"model": "main.statictrans", "pk": 5, "fields": {"es": "Escala de grises"}}, {"model": "main.statictrans", "pk": 6, "fields": {"es": "Tamaño de cursor"}}, {"model": "main.statictrans", "pk": 7, "fields": {"es": "Tipografia (dislexia)"}}, {"model": "main.statictrans", "pk": 8, "fields": {"es": "Contraste de color"}}, {"model": "main.statictrans", "pk": 9, "fields": {"es": "Resaltar enlaces"}}, {"model": "main.statictrans", "pk": 10, "fields": {"es": "Máscara de lectura"}}, {"model": "main.statictrans", "pk": 11, "fields": {"es": "Guía de lectura"}}, {"model": "main.statictrans", "pk": 12, "fields": {"es": "Lector de pantalla"}}, {"model": "main.statictrans", "pk": 13, "fields": {"es": "Mapa del sitio"}}, {"model": "main.statictrans", "pk": 14, "fields": {"es": "Buscar"}}, {"model": "main.statictrans", "pk": 15, "fields": {"es": "Buscá en el sitio"}}, {"model": "main.statictrans", "pk": 16, "fields": {"es": "Buscar en el sitio"}}, {"model": "main.statictrans", "pk": 17, "fields": {"es": "Inicia sesión"}}, {"model": "main.statictrans", "pk": 18, "fields": {"es": "Gestión climática"}}, {"model": "main.statictrans", "pk": 19, "fields": {"es": "Recursos"}}, {"model": "main.statictrans", "pk": 20, "fields": {"es": "Normativas"}}, {"model": "main.statictrans", "pk": 21, "fields": {"es": "Biblioteca"}}, {"model": "main.statictrans", "pk": 22, "fields": {"es": "Novedades"}}, {"model": "main.statictrans", "pk": 23, "fields": {"es": "Enlaces de interés"}}, {"model": "main.statictrans", "pk": 24, "fields": {"es": "Cerrar sesión"}}, {"model": "main.statictrans", "pk": 25, "fields": {"es": "Formación y capacitaciones"}}, {"model": "main.statictrans", "pk": 26, "fields": {"es": "Acerca de este sitio"}}, {"model": "main.statictrans", "pk": 27, "fields": {"es": "Terminos y condiciones"}}, {"model": "main.statictrans", "pk": 28, "fields": {"es": "Contacto"}}, {"model": "main.statictrans", "pk": 29, "fields": {"es": "Compartir en Facebook"}}, {"model": "main.statictrans", "pk": 30, "fields": {"es": "Compartir en Twitter"}}, {"model": "main.statictrans", "pk": 31, "fields": {"es": "Compartir en Linkedin"}}, {"model": "main.statictrans", "pk": 32, "fields": {"es": "Compartir en Whatsapp"}}, {"model": "main.statictrans", "pk": 33, "fields": {"es": "Compartir en Telegram"}}, {"model": "main.statictrans", "pk": 34, "fields": {"es": "Categorias"}}, {"model": "main.statictrans", "pk": 35, "fields": {"es": "Autores"}}, {"model": "main.statictrans", "pk": 36, "fields": {"es": "Accesos directos"}}, {"model": "main.statictrans", "pk": 37, "fields": {"es": "Capacitaciones"}}, {"model": "main.statictrans", "pk": 38, "fields": {"es": "Comunidad educativa"}}, {"model": "main.statictrans", "pk": 39, "fields": {"es": "Ciudadanía"}}, {"model": "main.statictrans", "pk": 40, "fields": {"es": "Agregados recientemente"}}, {"model": "main.statictrans", "pk": 41, "fields": {"es": "Home"}}, {"model": "main.statictrans", "pk": 42, "fields": {"es": "Tabla de contenidos"}}, {"model": "main.statictrans", "pk": 43, "fields": {"es": "Recibí novedades"}}, {"model": "main.statictrans", "pk": 44, "fields": {"es": "Suscribite y recibí las últimas novedades sobre cambio climático en tu correo."}}, {"model": "main.statictrans", "pk": 45, "fields": {"es": "Ordenar por"}}, {"model": "main.statictrans", "pk": 46, "fields": {"es": "Título"}}, {"model": "main.statictrans", "pk": 47, "fields": {"es": "Autor"}}, {"model": "main.statictrans", "pk": 48, "fields": {"es": "Reciente"}}, {"model": "main.statictrans", "pk": 49, "fields": {"es": "Filtrado por"}}, {"model": "main.statictrans", "pk": 50, "fields": {"es": "Categoría"}}, {"model": "main.statictrans", "pk": 51, "fields": {"es": "Palabra clave"}}, {"model": "main.statictrans", "pk": 53, "fields": {"es": "Suscribite a Nuestras Novedades"}}, {"model": "main.statictrans", "pk": 54, "fields": {"es": "Recibí novedades, eventos especiales, tutoriales, guías y material adicional."}}, {"model": "main.statictrans", "pk": 55, "fields": {"es": "Suscribirme"}}, {"model": "main.statictrans", "pk": 56, "fields": {"es": "Decreto"}}, {"model": "main.statictrans", "pk": 57, "fields": {"es": "Ley"}}, {"model": "main.statictrans", "pk": 58, "fields": {"es": "Administrativo"}}, {"model": "main.statictrans", "pk": 59, "fields": {"es": "Resoluciones"}}, {"model": "main.statictrans", "pk": 60, "fields": {"es": "Buscá por ley, decreto, resolución o palabra clave"}}, {"model": "main.statictrans", "pk": 61, "fields": {"es": "Adaptación"}}, {"model": "main.statictrans", "pk": 62, "fields": {"es": "Pérdidas y daños"}}, {"model": "main.statictrans", "pk": 63, "fields": {"es": "Mitigación"}}, {"model": "main.statictrans", "pk": 64, "fields": {"es": "Capacitación"}}, {"model": "main.statictrans", "pk": 65, "fields": {"es": "Buscá por autor, título..."}}, {"model": "main.statictrans", "pk": 66, "fields": {"es": "Sistema Nacional de Información Climática"}}, {"model": "main.statictrans", "pk": 67, "fields": {"es": "Gestionado por la Subsecretaría de Ambiente, integra datos de sistemas como SInIA y SIMARCC, y ofrece acceso gratuito a información útil para políticas climáticas."}}, {"model": "main.statictrans", "pk": 68, "fields": {"es": "Accedé a información personalizada"}}, {"model": "main.statictrans", "pk": 69, "fields": {"es": "Regístrate de manera sencilla"}}, {"model": "main.statictrans", "pk": 70, "fields": {"es": "Crea tu cuenta rápidamente y comienza a explorar."}}, {"model": "main.statictrans", "pk": 71, "fields": {"es": "Elige tu perfil"}}, {"model": "main.statictrans", "pk": 72, "fields": {"es": "Accede a contenido diseñado según tus necesidades específicas."}}, {"model": "main.statictrans", "pk": 73, "fields": {"es": "Recibe actualizaciones"}}, {"model": "main.statictrans", "pk": 74, "fields": {"es": "Mantente al día con novedades y eventos sobre el cambio climático."}}, {"model": "main.statictrans", "pk": 75, "fields": {"es": "¿Que estás buscando?"}}, {"model": "main.statictrans", "pk": 76, "fields": {"es": "Resultados"}}, {"model": "main.statictrans", "pk": 77, "fields": {"es": "coincidencias para"}}, {"model": "main.statictrans", "pk": 78, "fields": {"es": "Ir al sitio"}}, {"model": "main.statictrans", "pk": 79, "fields": {"es": "Tipo de archivo"}}, {"model": "main.statictrans", "pk": 80, "fields": {"es": "Documento"}}, {"model": "main.statictrans", "pk": 81, "fields": {"es": "Infografía"}}, {"model": "main.statictrans", "pk": 82, "fields": {"es": "Documentación complementaria"}}, {"model": "main.statictrans", "pk": 83, "fields": {"es": "Ingresar"}}, {"model": "main.statictrans", "pk": 84, "fields": {"es": "PASO"}}, {"model": "main.statictrans", "pk": 85, "fields": {"es": "Ingresá el código recibido en tu email"}}, {"model": "main.statictrans", "pk": 86, "fields": {"es": "Reenviar código por email."}}, {"model": "main.statictrans", "pk": 87, "fields": {"es": "Código incorrecto, intentelo de nuevo"}}, {"model": "main.statictrans", "pk": 88, "fields": {"es": "E-mail"}}, {"model": "main.statictrans", "pk": 89, "fields": {"es": "¿No tenés cuenta?"}}, {"model": "main.statictrans", "pk": 90, "fields": {"es": "Registrate"}}, {"model": "main.statictrans", "pk": 91, "fields": {"es": "Mi Perfil"}}, {"model": "main.statictrans", "pk": 92, "fields": {"es": "Nombre"}}, {"model": "main.statictrans", "pk": 93, "fields": {"es": "Apellido"}}, {"model": "main.statictrans", "pk": 94, "fields": {"es": "País"}}, {"model": "main.statictrans", "pk": 95, "fields": {"es": "Seleccionar la provincia"}}, {"model": "main.statictrans", "pk": 96, "fields": {"es": "Provincia"}}, {"model": "main.statictrans", "pk": 97, "fields": {"es": "Ciudad"}}, {"model": "main.statictrans", "pk": 98, "fields": {"es": "Teléfono"}}, {"model": "main.statictrans", "pk": 99, "fields": {"es": "Perfil seleccionado"}}, {"model": "main.statictrans", "pk": 100, "fields": {"es": "Podés cambiar el perfil las veces que quieras y orientar nuestro contenido."}}, {"model": "main.statictrans", "pk": 101, "fields": {"es": "Seleccioná tu perfil"}}, {"model": "main.statictrans", "pk": 102, "fields": {"es": "Podrás cambiarlo mas adelante si es necesario"}}, {"model": "main.statictrans", "pk": 103, "fields": {"es": "Listo"}}, {"model": "main.statictrans", "pk": 104, "fields": {"es": "Ingresá tus datos"}}, {"model": "main.statictrans", "pk": 105, "fields": {"es": "Acepto los"}}, {"model": "main.statictrans", "pk": 106, "fields": {"es": "Términos y condiciones"}}, {"model": "main.statictrans", "pk": 107, "fields": {"es": "y autorizo el uso de mis datos de acuerdo a la Declaración de privacidad"}}, {"model": "main.statictrans", "pk": 108, "fields": {"es": "Deseo suscribirme a recibir novedades referidas al Sistema de Información Climatico"}}, {"model": "main.statictrans", "pk": 109, "fields": {"es": "Omitir"}}, {"model": "main.statictrans", "pk": 110, "fields": {"es": "Aceptar"}}, {"model": "main.statictrans", "pk": 111, "fields": {"es": "Sobre SNIC"}}, {"model": "main.statictrans", "pk": 112, "fields": {"es": "Información para"}}, {"model": "main.statictrans", "pk": 113, "fields": {"es": "Biblioteca SNIC"}}, {"model": "main.statictrans", "pk": 114, "fields": {"es": "No se encontraron resultados"}}, {"model": "main.statictrans", "pk": 115, "fields": {"es": "Información sobre la política climática nacional que responde a la Ley 27.520/19."}}, {"model": "main.statictrans", "pk": 116, "fields": {"es": "Gestionado por la Subsecretaría de Ambiente, integra datos de emisiones de Gases de Efecto Invernadero (GEi) en su portal INGEI e información de Riesgos Climáticos SIMARCC y el monitoreo y evaluación de las medidas reflejadas en el Plan Nacional de Adaptación y Mitigación junto a los avances de los planes de Respuesta de las Jurisdicciones."}}, {"model": "main.statictrans", "pk": 117, "fields": {"es": "Ofrece mapas detallados que muestran los riesgos climáticos en diferentes regiones del país, como inundaciones, sequías, granizo, vientos intensos, incendios y heladas."}}, {"model": "main.statictrans", "pk": 118, "fields": {"es": "El Inventario Nacional de Gases de Efecto Invernadero permite identificar aquellos sectores del país con mayor potencial de reducción de emisiones a través de la implementación de Medidas de Mitigación."}}, {"model": "main.statictrans", "pk": 119, "fields": {"es": "Plataforma que agrupa datos, estadísticas, informes de monitoreo, mapas, infografías y otros recursos relacionados con el medio ambiente."}}, {"model": "main.statictrans", "pk": 120, "fields": {"es": "Planes de respuesta"}}, {"model": "main.statictrans", "pk": 121, "fields": {"es": "Seleccioná la provincia"}}, {"model": "main.statictrans", "pk": 122, "fields": {"es": "para ver su ficha"}}, {"model": "main.statictransversion", "pk": 3, "fields": {"lang": "en", "es": 22, "trad": "News"}}, {"model": "main.statictransversion", "pk": 4, "fields": {"lang": "en", "es": 21, "trad": "Library"}}, {"model": "main.statictransversion", "pk": 5, "fields": {"lang": "en", "es": 20, "trad": "Regulations"}}, {"model": "main.statictransversion", "pk": 6, "fields": {"lang": "en", "es": 1, "trad": "SNICC Library"}}, {"model": "main.statictransversion", "pk": 14, "fields": {"lang": "en", "es": 2, "trad": "Language"}}, {"model": "main.statictransversion", "pk": 20, "fields": {"lang": "en", "es": 3, "trad": "Accessibility"}}, {"model": "main.statictransversion", "pk": 28, "fields": {"lang": "en", "es": 4, "trad": "About SNICC"}}, {"model": "main.statictransversion", "pk": 36, "fields": {"lang": "en", "es": 5, "trad": "Grayscale"}}, {"model": "main.statictransversion", "pk": 44, "fields": {"lang": "en", "es": 6, "trad": "Cursor size"}}, {"model": "main.statictransversion", "pk": 52, "fields": {"lang": "en", "es": 7, "trad": "Typography (dyslexia)"}}, {"model": "main.statictransversion", "pk": 60, "fields": {"lang": "en", "es": 8, "trad": "Color contrast"}}, {"model": "main.statictransversion", "pk": 68, "fields": {"lang": "en", "es": 9, "trad": "Highlight links"}}, {"model": "main.statictransversion", "pk": 76, "fields": {"lang": "en", "es": 10, "trad": "Lecture mask"}}, {"model": "main.statictransversion", "pk": 84, "fields": {"lang": "en", "es": 11, "trad": "Lecture guide"}}, {"model": "main.statictransversion", "pk": 92, "fields": {"lang": "en", "es": 12, "trad": "Screen reader"}}, {"model": "main.statictransversion", "pk": 100, "fields": {"lang": "en", "es": 13, "trad": "Site map"}}, {"model": "main.statictransversion", "pk": 108, "fields": {"lang": "en", "es": 14, "trad": "Search"}}, {"model": "main.statictransversion", "pk": 116, "fields": {"lang": "en", "es": 15, "trad": "Search in website"}}, {"model": "main.statictransversion", "pk": 124, "fields": {"lang": "en", "es": 16, "trad": "Search in website"}}, {"model": "main.statictransversion", "pk": 132, "fields": {"lang": "en", "es": 17, "trad": "Login"}}, {"model": "main.statictransversion", "pk": 140, "fields": {"lang": "en", "es": 18, "trad": "Climate management"}}, {"model": "main.statictransversion", "pk": 148, "fields": {"lang": "en", "es": 19, "trad": "Resources"}}, {"model": "main.statictransversion", "pk": 177, "fields": {"lang": "en", "es": 23, "trad": "Related links"}}, {"model": "main.statictransversion", "pk": 185, "fields": {"lang": "en", "es": 24, "trad": "Disconnect"}}, {"model": "main.statictransversion", "pk": 193, "fields": {"lang": "en", "es": 25, "trad": "Training and capacity building"}}, {"model": "main.statictransversion", "pk": 201, "fields": {"lang": "en", "es": 26, "trad": "About this site"}}, {"model": "main.statictransversion", "pk": 209, "fields": {"lang": "en", "es": 27, "trad": "Terms and conditions"}}, {"model": "main.statictransversion", "pk": 217, "fields": {"lang": "en", "es": 28, "trad": "Contact"}}, {"model": "main.statictransversion", "pk": 265, "fields": {"lang": "en", "es": 34, "trad": "Categories"}}, {"model": "main.statictransversion", "pk": 273, "fields": {"lang": "en", "es": 35, "trad": "Authors"}}, {"model": "main.statictransversion", "pk": 281, "fields": {"lang": "en", "es": 36, "trad": "Direct access"}}, {"model": "main.statictransversion", "pk": 289, "fields": {"lang": "en", "es": 37, "trad": "Capacities"}}, {"model": "main.statictransversion", "pk": 297, "fields": {"lang": "en", "es": 38, "trad": "Educational community"}}, {"model": "main.statictransversion", "pk": 305, "fields": {"lang": "en", "es": 39, "trad": "Citizenship"}}, {"model": "main.statictransversion", "pk": 313, "fields": {"lang": "en", "es": 40, "trad": "Recently added"}}, {"model": "main.statictransversion", "pk": 321, "fields": {"lang": "en", "es": 41, "trad": "Home"}}, {"model": "main.statictransversion", "pk": 329, "fields": {"lang": "en", "es": 42, "trad": "Table of contents"}}, {"model": "main.statictransversion", "pk": 337, "fields": {"lang": "en", "es": 43, "trad": "Subscribe to news"}}, {"model": "main.statictransversion", "pk": 353, "fields": {"lang": "en", "es": 45, "trad": "Order by"}}, {"model": "main.statictransversion", "pk": 361, "fields": {"lang": "en", "es": 46, "trad": "Title"}}, {"model": "main.statictransversion", "pk": 369, "fields": {"lang": "en", "es": 47, "trad": "Author"}}, {"model": "main.statictransversion", "pk": 377, "fields": {"lang": "en", "es": 48, "trad": "Recent first"}}, {"model": "main.statictransversion", "pk": 385, "fields": {"lang": "en", "es": 49, "trad": "Filter by"}}, {"model": "main.statictransversion", "pk": 393, "fields": {"lang": "en", "es": 50, "trad": "Category"}}, {"model": "main.statictransversion", "pk": 401, "fields": {"lang": "en", "es": 51, "trad": "Keyword"}}, {"model": "main.statictransversion", "pk": 409, "fields": {"lang": "en", "es": 53, "trad": "Subscribe to our news"}}, {"model": "main.statictransversion", "pk": 425, "fields": {"lang": "en", "es": 55, "trad": "Subscribe"}}, {"model": "main.statictransversion", "pk": 433, "fields": {"lang": "en", "es": 59, "trad": "Resolution"}}, {"model": "main.statictransversion", "pk": 434, "fields": {"lang": "en", "es": 57, "trad": "Law"}}, {"model": "main.statictransversion", "pk": 435, "fields": {"lang": "en", "es": 58, "trad": "Administrative"}}, {"model": "main.statictransversion", "pk": 436, "fields": {"lang": "en", "es": 56, "trad": "Decree"}}, {"model": "main.statictransversion", "pk": 437, "fields": {"lang": "en", "es": 54, "trad": "Receive news, special events, tutorials, guides and additional material."}}, {"model": "main.statictransversion", "pk": 438, "fields": {"lang": "en", "es": 60, "trad": "Search for law, decree, resolution or keywork"}}, {"model": "main.statictransversion", "pk": 439, "fields": {"lang": "en", "es": 44, "trad": "Subscribe and receive the latest news on climate change in your email."}}, {"model": "main.statictransversion", "pk": 440, "fields": {"lang": "en", "es": 61, "trad": "Adaptation"}}, {"model": "main.statictransversion", "pk": 441, "fields": {"lang": "en", "es": 62, "trad": "Loss and damage"}}, {"model": "main.statictransversion", "pk": 442, "fields": {"lang": "en", "es": 63, "trad": "Mitigation"}}, {"model": "main.statictransversion", "pk": 443, "fields": {"lang": "en", "es": 64, "trad": "Training"}}, {"model": "main.statictransversion", "pk": 444, "fields": {"lang": "en", "es": 65, "trad": "Search by author, title..."}}, {"model": "main.statictransversion", "pk": 445, "fields": {"lang": "en", "es": 33, "trad": "Share on Telegram"}}, {"model": "main.statictransversion", "pk": 446, "fields": {"lang": "en", "es": 32, "trad": "Share on Whatsapp"}}, {"model": "main.statictransversion", "pk": 447, "fields": {"lang": "en", "es": 30, "trad": "Share on Twitter"}}, {"model": "main.statictransversion", "pk": 448, "fields": {"lang": "en", "es": 29, "trad": "Share on Facebook"}}, {"model": "main.statictransversion", "pk": 449, "fields": {"lang": "en", "es": 31, "trad": "Share on Linkedin"}}, {"model": "main.statictransversion", "pk": 450, "fields": {"lang": "en", "es": 72, "trad": "Access content tailored to your specific needs."}}, {"model": "main.statictransversion", "pk": 451, "fields": {"lang": "en", "es": 68, "trad": "Access personalized information"}}, {"model": "main.statictransversion", "pk": 452, "fields": {"lang": "en", "es": 70, "trad": "Create your account quickly and start exploring."}}, {"model": "main.statictransversion", "pk": 453, "fields": {"lang": "en", "es": 71, "trad": "Choose your profile"}}, {"model": "main.statictransversion", "pk": 454, "fields": {"lang": "en", "es": 66, "trad": "National Climate Information System"}}, {"model": "main.statictransversion", "pk": 455, "fields": {"lang": "en", "es": 69, "trad": "Register easily"}}, {"model": "main.statictransversion", "pk": 456, "fields": {"lang": "en", "es": 73, "trad": "Get news"}}, {"model": "main.statictransversion", "pk": 457, "fields": {"lang": "en", "es": 74, "trad": "Stay up to date with news and events on climate change."}}, {"model": "main.statictransversion", "pk": 458, "fields": {"lang": "en", "es": 67, "trad": "Managed by the Undersecretariat of the Environment, it features data from systems such as SInIA and SIMARCC and offers free access to useful information for climate policies."}}, {"model": "main.statictransversion", "pk": 459, "fields": {"lang": "en", "es": 75, "trad": "What are you looking for ?"}}, {"model": "main.statictransversion", "pk": 460, "fields": {"lang": "en", "es": 76, "trad": "Results"}}, {"model": "main.statictransversion", "pk": 461, "fields": {"lang": "en", "es": 77, "trad": "occurences for"}}, {"model": "main.statictransversion", "pk": 462, "fields": {"lang": "en", "es": 78, "trad": "To the website"}}, {"model": "main.statictransversion", "pk": 463, "fields": {"lang": "en", "es": 79, "trad": "Format"}}, {"model": "main.statictransversion", "pk": 464, "fields": {"lang": "en", "es": 80, "trad": "Document"}}, {"model": "main.statictransversion", "pk": 465, "fields": {"lang": "en", "es": 81, "trad": "Infographic"}}, {"model": "main.statictransversion", "pk": 466, "fields": {"lang": "en", "es": 82, "trad": "Additional references"}}, {"model": "main.statictransversion", "pk": 467, "fields": {"lang": "en", "es": 96, "trad": "Province"}}]