[
{
  "model": "main.provincia",
  "pk": "BA",
  "fields": {
    "gid": 22,
    "name": "Buenos Aires"
  }
},
{
  "model": "main.provincia",
  "pk": "CA","fields": {
    "gid": 6,
    "name": "Catamarca"
  }
},
{
  "model": "main.provincia",
  "pk": "CB",
  "fields": {
    "gid": 11,
    "name": "Chubut"
  }
},
{
  "model": "main.provincia",
  "pk": "CBA",
  "fields": {
    "gid": null,
    "name": "Ciudad de Buenos Aires"
  }
},
{
  "model": "main.provincia",
  "pk": "CD",
  "fields": {
    "gid": 21,
    "name": "Córdoba"
  }
},
{
  "model": "main.provincia",
  "pk": "CH",
  "fields": {
    "gid": 8,
    "name": "Chaco"
  }
},
{
  "model": "main.provincia",
  "pk": "CR",
  "fields": {
    "gid": 18,
    "name": "Corrientes"
  }
},
{
  "model": "main.provincia",
  "pk": "ER",
  "fields": {
    "gid": 13,
    "name": "Entre Ríos"
  }
},
{
  "model": "main.provincia",
  "pk": "FO",
  "fields": {
    "gid": 9,
    "name": "Formosa"
  }
},
{
  "model": "main.provincia",
  "pk": "LP",
  "fields": {
    "gid": 23,
    "name": "La Pampa"
  }
},
{
  "model": "main.provincia",
  "pk": "LR",
  "fields": {
    "gid": 5,
    "name": "La Rioja"
  }
},
{
  "model": "main.provincia",
  "pk": "MD",
  "fields": {
    "gid": 12,
    "name": "Mendoza"
  }
},
{
  "model": "main.provincia",
  "pk": "MI",
  "fields": {
    "gid": 19,
    "name": "Misiones"
  }
},
{
  "model": "main.provincia",
  "pk": "NE",
  "fields": {
    "gid": 2,
    "name": "Neuquén"
  }
},
{
  "model": "main.provincia",
  "pk": "PJ",
  "fields": {
    "gid": 15,
    "name": "Jujuy"
  }
},
{
  "model": "main.provincia",
  "pk": "RN",
  "fields": {
    "gid": 17,
    "name": "Río Negro"
  }
},
{
  "model": "main.provincia",
  "pk": "SA",
  "fields": {
    "gid": 20,
    "name": "Salta"
  }
},
{
  "model": "main.provincia",
  "pk": "SC",
  "fields": {
    "gid": 10,
    "name": "Santa Cruz"
  }
},
{
  "model": "main.provincia",
  "pk": "SE",
  "fields": {
    "gid": 16,
    "name": "Santiago del Estero"
  }
},
{
  "model": "main.provincia",
  "pk": "SF",
  "fields": {
    "gid": 4,
    "name": "Santa Fe"
  }
},
{
  "model": "main.provincia",
  "pk": "SJ",
  "fields": {
    "gid": 14,
    "name": "San Juan"
  }
},
{
  "model": "main.provincia",
  "pk": "SL",
  "fields": {
    "gid": 3,
    "name": "San Luis"
  }
},
{
  "model": "main.provincia",
  "pk": "TF",
  "fields": {
    "gid": 24,
    "name": "Tierra del Fuego"
  }
},
{
  "model": "main.provincia",
  "pk": "TU",
  "fields": {
    "gid": 7,
    "name": "Tucumán"
  }
},
{
  "model": "main.plan",
  "pk": 3,
  "fields": {
    "provincia": "CA",
    "status": 1
  }
},
{
  "model": "main.plan",
  "pk": 4,
  "fields": {
    "provincia": "CH",
    "status": 1
  }
},
{
  "model": "main.plan",
  "pk": 5,
  "fields": {
    "provincia": "CB",
    "status": 1
  }
},
{
  "model": "main.plan",
  "pk": 6,
  "fields": {
    "provincia": "CBA",
    "status": 1
  }
},
{
  "model": "main.plan",
  "pk": 7,
  "fields": {
    "provincia": "CR",
    "status": 1
  }
},
{
  "model": "main.plan",
  "pk": 8,
  "fields": {
    "provincia": "CD",
    "status": 1
  }
},
{
  "model": "main.plan",
  "pk": 9,
  "fields": {
    "provincia": "ER",
    "status": 1
  }
},
{
  "model": "main.plan",
  "pk": 10,
  "fields": {
    "provincia": "FO",
    "status": 1
  }
},
{
  "model": "main.plan",
  "pk": 11,
  "fields": {
    "provincia": "PJ",
    "status": 1
  }
},
{
  "model": "main.plan",
  "pk": 12,
  "fields": {
    "provincia": "LP",
    "status": 1
  }
},
{
  "model": "main.plan",
  "pk": 13,
  "fields": {
    "provincia": "LR",
    "status": 1
  }
},
{
  "model": "main.plan",
  "pk": 14,
  "fields": {
    "provincia": "MD",
    "status": 1
  }
},
{
  "model": "main.plan",
  "pk": 15,
  "fields": {
    "provincia": "MI",
    "status": 1
  }
},
{
  "model": "main.plan",
  "pk": 16,
  "fields": {
    "provincia": "NE",
    "status": 1
  }
},
{
  "model": "main.plan",
  "pk": 17,
  "fields": {
    "provincia": "RN",
    "status": 1
  }
},
{
  "model": "main.plan",
  "pk": 18,
  "fields": {
    "provincia": "SA",
    "status": 1
  }
},
{
  "model": "main.plan",
  "pk": 19,
  "fields": {
    "provincia": "SJ",
    "status": 1
  }
},
{
  "model": "main.plan",
  "pk": 20,
  "fields": {
    "provincia": "SL",
    "status": 1
  }
},
{
  "model": "main.plan",
  "pk": 21,
  "fields": {
    "provincia": "SC",
    "status": 1
  }
},
{
  "model": "main.plan",
  "pk": 22,
  "fields": {
    "provincia": "SF",
    "status": 1
  }
},
{
  "model": "main.plan",
  "pk": 23,
  "fields": {
    "provincia": "SE",
    "status": 1
  }
},
{
  "model": "main.plan",
  "pk": 24,
  "fields": {
    "provincia": "TF",
    "status": 1
  }
},
{
  "model": "main.plan",
  "pk": 25,
  "fields": {
    "provincia": "TU",
    "status": 1
  }
},
{
  "model": "main.plan",
  "pk": 26,
  "fields": {
    "provincia": "BA",
    "status": 1
  }
},
{
  "model": "main.planversion",
  "pk": 3,
  "fields": {
    "lang": "es",
    "plan": 3,
    "authority": "Lorem Ipsum",
    "respuesta": "Lorem Ipsum",
    "regulations": "Lorem Ipsum",
    "contact": "Lorem Ipsum"
  }
},
{
  "model": "main.planversion",
  "pk": 4,
  "fields": {
    "lang": "es",
    "plan": 4,
    "authority": "Lorem Ipsum",
    "respuesta": "Lorem Ipsum",
    "regulations": "Lorem Ipsum",
    "contact": "Lorem Ipsum"
  }
},
{
  "model": "main.planversion",
  "pk": 5,
  "fields": {
    "lang": "es",
    "plan": 5,
    "authority": "Lorem Ipsum",
    "respuesta": "Lorem Ipsum",
    "regulations": "Lorem Ipsum",
    "contact": "Lorem Ipsum"
  }
},
{
  "model": "main.planversion",
  "pk": 6,
  "fields": {
    "lang": "es",
    "plan": 6,
    "authority": "Lorem Ipsum",
    "respuesta": "Lorem Ipsum",
    "regulations": "Lorem Ipsum",
    "contact": "Lorem Ipsum"
  }
},
{
  "model": "main.planversion",
  "pk": 7,
  "fields": {
    "lang": "es",
    "plan": 7,
    "authority": "Lorem Ipsum",
    "respuesta": "Lorem Ipsum",
    "regulations": "Lorem Ipsum",
    "contact": "Lorem Ipsum"
  }
},
{
  "model": "main.planversion",
  "pk": 8,
  "fields": {
    "lang": "es",
    "plan": 8,
    "authority": "Lorem Ipsum",
    "respuesta": "Lorem Ipsum",
    "regulations": "Lorem Ipsum",
    "contact": "Lorem Ipsum"
  }
},
{
  "model": "main.planversion",
  "pk": 9,
  "fields": {
    "lang": "es",
    "plan": 9,
    "authority": "Lorem Ipsum",
    "respuesta": "Lorem Ipsum",
    "regulations": "Lorem Ipsum",
    "contact": "Lorem Ipsum"
  }
},
{
  "model": "main.planversion",
  "pk": 10,
  "fields": {
    "lang": "es",
    "plan": 10,
    "authority": "Lorem Ipsum",
    "respuesta": "Lorem Ipsum",
    "regulations": "Lorem Ipsum",
    "contact": "Lorem Ipsum"
  }
},
{
  "model": "main.planversion",
  "pk": 11,
  "fields": {
    "lang": "es",
    "plan": 11,
    "authority": "Lorem Ipsum",
    "respuesta": "Lorem Ipsum",
    "regulations": "Lorem Ipsum",
    "contact": "Lorem Ipsum"
  }
},
{
  "model": "main.planversion",
  "pk": 12,
  "fields": {
    "lang": "es",
    "plan": 12,
    "authority": "Lorem Ipsum",
    "respuesta": "Lorem Ipsum",
    "regulations": "Lorem Ipsum",
    "contact": "Lorem Ipsum"
  }
},
{
  "model": "main.planversion",
  "pk": 13,
  "fields": {
    "lang": "es",
    "plan": 13,
    "authority": "Lorem Ipsum",
    "respuesta": "Lorem Ipsum",
    "regulations": "Lorem Ipsum",
    "contact": "Lorem Ipsum"
  }
},
{
  "model": "main.planversion",
  "pk": 14,
  "fields": {
    "lang": "es",
    "plan": 14,
    "authority": "Lorem Ipsum",
    "respuesta": "Lorem Ipsum",
    "regulations": "Lorem Ipsum",
    "contact": "Lorem Ipsum"
  }
},
{
  "model": "main.planversion",
  "pk": 15,
  "fields": {
    "lang": "es",
    "plan": 15,
    "authority": "Lorem Ipsum",
    "respuesta": "Lorem Ipsum",
    "regulations": "Lorem Ipsum",
    "contact": "Lorem Ipsum"
  }
},
{
  "model": "main.planversion",
  "pk": 16,
  "fields": {
    "lang": "es",
    "plan": 16,
    "authority": "Lorem Ipsum",
    "respuesta": "Lorem Ipsum",
    "regulations": "Lorem Ipsum",
    "contact": "Lorem Ipsum"
  }
},
{
  "model": "main.planversion",
  "pk": 17,
  "fields": {
    "lang": "es",
    "plan": 17,
    "authority": "Lorem Ipsum",
    "respuesta": "Lorem Ipsum",
    "regulations": "Lorem Ipsum",
    "contact": "Lorem Ipsum"
  }
},
{
  "model": "main.planversion",
  "pk": 18,
  "fields": {
    "lang": "es",
    "plan": 18,
    "authority": "Lorem Ipsum",
    "respuesta": "Lorem Ipsum",
    "regulations": "Lorem Ipsum",
    "contact": "Lorem Ipsum"
  }
},
{
  "model": "main.planversion",
  "pk": 19,
  "fields": {
    "lang": "es",
    "plan": 19,
    "authority": "Lorem Ipsum",
    "respuesta": "Lorem Ipsum",
    "regulations": "Lorem Ipsum",
    "contact": "Lorem Ipsum"
  }
},
{
  "model": "main.planversion",
  "pk": 20,
  "fields": {
    "lang": "es",
    "plan": 20,
    "authority": "Lorem Ipsum",
    "respuesta": "Lorem Ipsum",
    "regulations": "Lorem Ipsum",
    "contact": "Lorem Ipsum"
  }
},
{
  "model": "main.planversion",
  "pk": 21,
  "fields": {
    "lang": "es",
    "plan": 21,
    "authority": "Lorem Ipsum",
    "respuesta": "Lorem Ipsum",
    "regulations": "Lorem Ipsum",
    "contact": "Lorem Ipsum"
  }
},
{
  "model": "main.planversion",
  "pk": 22,
  "fields": {
    "lang": "es",
    "plan": 22,
    "authority": "Lorem Ipsum",
    "respuesta": "Lorem Ipsum",
    "regulations": "Lorem Ipsum",
    "contact": "Lorem Ipsum"
  }
},
{
  "model": "main.planversion",
  "pk": 23,
  "fields": {
    "lang": "es",
    "plan": 23,
    "authority": "Lorem Ipsum",
    "respuesta": "Lorem Ipsum",
    "regulations": "Lorem Ipsum",
    "contact": "Lorem Ipsum"
  }
},
{
  "model": "main.planversion",
  "pk": 24,
  "fields": {
    "lang": "es",
    "plan": 24,
    "authority": "Lorem Ipsum",
    "respuesta": "Lorem Ipsum",
    "regulations": "Lorem Ipsum",
    "contact": "Lorem Ipsum"
  }
},
{
  "model": "main.planversion",
  "pk": 25,
  "fields": {
    "lang": "es",
    "plan": 25,
    "authority": "Lorem Ipsum",
    "respuesta": "Lorem Ipsum",
    "regulations": "Lorem Ipsum",
    "contact": "Lorem Ipsum"
  }
},
{
  "model": "main.planversion",
  "pk": 26,
  "fields": {
    "lang": "es",
    "plan": 26,
    "authority": "Lorem Ipsum",
    "respuesta": "Lorem Ipsum",
    "regulations": "Lorem Ipsum",
    "contact": "Lorem Ipsum"
  }
}
]
